{
	"passengers": [
		{
			"identifier": "20052A7900012DC6",
			"type": "CHILD",
			"person": {
				"personName": {
					"title": "Mr",
					"firstName": "Name",
					"familyName": "Name",
					"middleName": "ABCD",
					"secondFamilyName": "ABCD"
				},
				"dateOfBirth": "1980-10-11",
				"registered-identifiers": [
					{
						"person": {
							"personName": {
								"title": "Mr",
								"firstName": "First Name",
								"familyName": "F Name",
								"middleName": "M Name",
								"secondFamilyName": "Name"
							}
						},
						"type": "PASSPORT",
						"token": "ABCD",
						"placeOfIssue": {
							"type": "COUNTY",
							"identifier": "Place"
						},
						"expiryDate": "1990-11-10",
						"areaOfApplicability": {
							"type": "COUNTRY",
							"identifier": "IN"
						}
					}
				],
				"gender": "MALE",
				"nationality": {
					"type": "COUNTRY",
					"identifier": "IN"
				}
			},
			"itinerary": {
				"eticket": {
					"identifier": "1234"
				},
				"itinerary-items": [
					{
						"identifier": "2002CA7900038EDE",
						"carriers": [
							{
								"code": "BA",
								"type": "MARKETING",
								"flightNumber": "15"
							}
						],
						"origin": {
							"identifier": "",
							"terminal": "T3",
							"gate": {
								"number": "9A"
							}
						},
						"destination": {
							"identifier": "",
							"terminal": "1D",
							"gate": {
								"number": "10A"
							}
						},
						"scheduledDepartureLocalDatetime": "2018-09-12T14:12:12.000",
						"scheduledArrivalLocalDatetime": "2018-09-12T14:12:12.000",
						"destinationAddress": {
							"addressLines": [
								"Address 1"
							],
							"country": "Ind",
							"postCode": "1111",
							"city": "City",
							"county": "country",
							"state": "State"
						},
						"passengerStatus": "STANDBY",
						"seat": {
							"number": "111"
						},
						"eligibilities": [
							{
								"code": "aaaa",
								"description": "aaaa"
							},
							{
								"code": "bbbb",
								"description": "bbb"
							},
							{
								"code": "cccc",
								"description": "ccc"
							}
						]
					}
				]
			},
			"associatedPassenger": {
				"identifier": "20052A7900012DC6"
			},
			"emergencyContact": {
				"isDeclined": false,
				"person": {
					"personName": {
						"title": "Mr",
						"firstName": "First Name",
						"familyName": "Family Name",
						"middleName": "Middle Name",
						"secondFamilyName": "S Name"
					},
					"telecomAddresses": [
						{
							"number": "911111",
							"areaCode": "91",
							"countryDiallingCode": "91"
						},
						{
							"number": "911111",
							"areaCode": "91",
							"countryDiallingCode": "91"
						},
						{
							"number": "911111",
							"areaCode": "91",
							"countryDiallingCode": "91"
						},
						{
							"number": "911111",
							"areaCode": "91",
							"countryDiallingCode": "91"
						}
					],
					"postalAddresses": [
						{
							"addressLines": [
								"Add 1",
								"Add 2",
								"Add 3"
							],
							"country": "In",
							"postCode": "2222",
							"city": "City",
							"county": "AA",
							"state": "AA"
						},
						{
							"addressLines": [
								"ABCDEF",
								"ABCDE",
								"ABCDEFGHIJKL"
							],
							"country": "In",
							"postCode": "1111",
							"city": "City",
							"county": "AAA",
							"state": "AA"
						}
					],
					"countryOfResidence": {
						"type": "COUNTY",
						"identifier": "AA"
					}
				}
			},
			"dangerousGoods": {
				"isPresented": true,
				"isConfirmed": false
			}
		},
		{
			"identifier": "20056A55000048DC",
			"type": "CHILD",
			"person": {
				"personName": {
					"title": "Mr",
					"firstName": "Name",
					"familyName": "Name",
					"middleName": "ABCD",
					"secondFamilyName": "ABCD"
				},
				"dateOfBirth": "1980-10-11",
				"registered-identifiers": [
					{
						"person": {
							"personName": {
								"title": "Mr",
								"firstName": "First Name",
								"familyName": "F Name",
								"middleName": "M Name",
								"secondFamilyName": "Name"
							}
						},
						"type": "PASSPORT",
						"token": "ABCD",
						"placeOfIssue": {
							"type": "COUNTY",
							"identifier": "Place"
						},
						"expiryDate": "1990-11-10",
						"areaOfApplicability": {
							"type": "COUNTRY",
							"identifier": "IN"
						}
					}
				],
				"gender": "MALE",
				"nationality": {
					"type": "COUNTRY",
					"identifier": "IN"
				}
			},
			"itinerary": {
				"eticket": {
					"identifier": "1234"
				},
				"itinerary-items": [
					{
						"identifier": "20008A550000DD86",
						"carriers": [
							{
								"code": "BA",
								"type": "MARKETING",
								"flightNumber": "15"
							}
						],
						"origin": {
							"identifier": "",
							"terminal": "T3",
							"gate": {
								"number": "9A"
							}
						},
						"destination": {
							"identifier": "",
							"terminal": "1D",
							"gate": {
								"number": "10A"
							}
						},
						"scheduledDepartureLocalDatetime": "2018-09-12T14:12:12.000",
						"scheduledArrivalLocalDatetime": "2018-09-12T14:12:12.000",
						"destinationAddress": {
							"addressLines": [
								"Address 1"
							],
							"country": "Ind",
							"postCode": "1111",
							"city": "City",
							"county": "country",
							"state": "State"
						},
						"passengerStatus": "STANDBY",
						"seat": {
							"number": "111"
						},
						"eligibilities": [
							{
								"code": "aaaa",
								"description": "aaaa"
							},
							{
								"code": "bbbb",
								"description": "bbb"
							},
							{
								"code": "cccc",
								"description": "ccc"
							}
						]
					}
				]
			},
			"associatedPassenger": {
				"identifier": "20052A7900012DC6"
			},
			"emergencyContact": {
				"isDeclined": false,
				"person": {
					"personName": {
						"title": "Mr",
						"firstName": "First Name",
						"familyName": "Family Name",
						"middleName": "Middle Name",
						"secondFamilyName": "S Name"
					},
					"telecomAddresses": [
						{
							"number": "911111",
							"areaCode": "91",
							"countryDiallingCode": "91"
						},
						{
							"number": "911111",
							"areaCode": "91",
							"countryDiallingCode": "91"
						},
						{
							"number": "911111",
							"areaCode": "91",
							"countryDiallingCode": "91"
						},
						{
							"number": "911111",
							"areaCode": "91",
							"countryDiallingCode": "91"
						}
					],
					"postalAddresses": [
						{
							"addressLines": [
								"Add 1",
								"Add 2",
								"Add 3"
							],
							"country": "In",
							"postCode": "2222",
							"city": "City",
							"county": "AA",
							"state": "AA"
						},
						{
							"addressLines": [
								"ABCDEF",
								"ABCDE",
								"ABCDEFGHIJKL"
							],
							"country": "In",
							"postCode": "1111",
							"city": "City",
							"county": "AAA",
							"state": "AA"
						}
					],
					"countryOfResidence": {
						"type": "COUNTY",
						"identifier": "AA"
					}
				}
			},
			"dangerousGoods": {
				"isPresented": true,
				"isConfirmed": false
			}
		}
	],
	"flightSegments": [
		{
			"identifier": "2301DB5600005189",
			"type": "INBOUND",
			 "statuses":{  
            "bookingStatus":"CONFIRMED",
            "acceptanceStatus":"OPEN",
            "boardingStatus":"NOTOPEN"
         },
			"carriers": [
				{
					"code": "UK",
					"type": "MARKETING",
					"flightNumber": "123"
				},
				{
					"code": "UK",
					"type": "OPERATING",
					"flightNumber": "111"
				},
				{
					"code": "UK",
					"type": "OPERATING",
					"flightNumber": "111"
				}
			],
			"flightLegs": [
				{
					"origin": {
						"identifier": "DEL",
						"terminal": "1A",
						"gate": {
							"number": "9A"
						}
					},
					"destination": {
						"identifier": "LHR",
						"terminal": "1A",
						"gate": {
							"number": "1B"
						}
					},
					"scheduledDepartureLocalDatetime": "2018-10-15T14:12:26.859",
					"scheduledArrivalLocalDatetime": "2018-10-10T14:12:07"
				},
				{
					"origin": {
						"identifier": "DEL",
						"terminal": "1A",
						"gate": {
							"number": "2B"
						}
					},
					"destination": {
						"identifier": "LHR",
						"terminal": "1D",
						"gate": {
							"number": "9A"
						}
					},
					"scheduledDepartureLocalDatetime": "2018-10-10T14:12:26",
					"scheduledArrivalLocalDatetime": "2018-10-10T14:12:23"
				},
				{
					"origin": {
						"identifier": "DEL",
						"terminal": "1B",
						"gate": {
							"number": "8B"
						}
					},
					"destination": {
						"identifier": "LHR",
						"terminal": "2B",
						"gate": {
							"number": "2B"
						}
					},
					"scheduledDepartureLocalDatetime": "2018-10-10T14:12:26",
					"scheduledArrivalLocalDatetime": "2018-10-10T14:12:26.16"
				}
			]
		}
	],
	"kioskLocation": {
		"identifier": "DEL",
		"terminal": "1A",
		"zone": {
			"identifier": "DEL"
		}
	}
}