{
	"passengers": [
		{
			"associatedPassenger": {
				"identifier": "associatedPaxID"
			},
			"type": "ADULT",
			"emergencyContact": {
				"isDeclined": false,
				"person": {
					"personName": {
						"title": "Mr.",
						"firstName": "Peter",
						"middleName": "Middlename",
						"familyName": "Rodick",
						"secondFamilyName": "SecondFamilyName"
					},
					"countryOfResidence": {
						"type": "COUNTY",
						"identifier": "countryOfResidence"
					},
					"telecomAddresses": [
						{
							"number": "2277633",
							"countryDiallingCode": "+44",
							"areaCode": "022"
						}
					],
					"postalAddresses": [
						{
							"addressLines": [
								"47",
								"MarkLane"
							],
							"postCode": "GU140AJ",
							"country": "UK",
							"city": "London",
							"state": "Middlesex",
							"county": "county"
						}
					]
				}
			},
			"person": {
				"dateOfBirth": "2004-12-25",
				"personName": {
					"title": "Mr.",
					"firstName": "Peter",
					"middleName": "Middlename",
					"familyName": "Rodick",
					"secondFamilyName": "SecondFamilyName"
				},
				"gender": "MALE",
				"registered-identifiers": [
					{
						"type": "NATIONAL_INSURANCE_CARD",
						"areaOfApplicability": {
							"type": "COUNTY",
							"identifier": "areaOfApplicablity"
						},
						"token": "token value",
						"placeOfIssue": {
							"type": "COUNTY",
							"identifier": "placeOfIssue"
						},
						"person": {
							"personName": {
								"title": "Mr.",
								"firstName": "Peter",
								"middleName": "Middlename",
								"familyName": "Rodick",
								"secondFamilyName": "SecondFamilyName"
							}
						},
						"expiryDate": "2004-12-25"
					}
				],
				"nationality": {
					"type": "COUNTY",
					"identifier": "NationalityIdentifier"
				}
			},
			"dangerousGoods": {
				"isPresented": false,
				"isConfirmed": false
			},
			"itinerary": {
				"eticket": {
					"identifier": "eticket001"
				},
				"itinerary-items": [
					{
						"identifier": "2301DB540000FF14",
						"carriers": [
							{
								"code": "BA",
								"type": "MARKETING",
								"flightNumber": "198"
							}
						],
						"origin": {
							"identifier": "BOM",
							"terminal": "T3",
							"gate": {
								"number": "9A"
							}
						},
						"destination": {
							"identifier": "LHR",
							"terminal": "1D",
							"gate": {
								"number": "10A"
							}
						},
						"scheduledDepartureLocalDatetime": "2018-09-18T14:12:12.000",
						"scheduledArrivalLocalDatetime": "2018-09-18T14:12:12.000",
						"seat": {
							"number": "26A"
						},
						"passengerStatus": "STANDBY",
						"bookingClass": "Y",
						"cabinCode": "cabinCode",
						"destinationAddress": {
							"addressLines": [
								"47",
								"MarkLane"
							],
							"postCode": "GU140AJ",
							"country": "UK",
							"city": "London",
							"state": "Middlesex",
							"county": "county"
						},
						 "statuses":{  
            "bookingStatus":"CONFIRMED",
            "acceptanceStatus":"OPEN",
            "boardingStatus":"NOTOPEN"
                        },
						"eligibilities": [
							{
								"code": "Eligiblity001",
								"description": "Elegiblities description"
							}
						]
					},
					{
						"identifier": "2301DB540000FF15",
						"carriers": [
							{
								"code": "BA",
								"type": "MARKETING",
								"flightNumber": "183"
							}
						],
						"origin": {
							"identifier": "LHR",
							"terminal": "T3",
							"gate": {
								"number": "9A"
							}
						},
						"destination": {
							"identifier": "JFK",
							"terminal": "1D",
							"gate": {
								"number": "10A"
							}
						},
						"scheduledDepartureLocalDatetime": "2018-09-18T14:12:12.000",
						"scheduledArrivalLocalDatetime": "2018-09-07T14:12:12.000",
						"seat": {
							"number": "26A"
						},
						"passengerStatus": "STANDBY",
						"bookingClass": "Y",
						"cabinCode": "cabinCode",
						"destinationAddress": {
							"addressLines": [
								"47",
								"MarkLane"
							],
							"postCode": "GU140AJ",
							"country": "UK",
							"city": "London",
							"state": "Middlesex",
							"county": "county"
						},
						"statuses":{  
            "bookingStatus":"CONFIRMED",
            "acceptanceStatus":"OPEN",
            "boardingStatus":"NOTOPEN"
                        },
						"eligibilities": [
							{
								"code": "Eligiblity001",
								"description": "Elegiblities description"
							}
						]
					}
				]
			},
			"identifier": "2301DB540000762A"
		}
	],
	"flightSegments": [
		{
			"identifier": "fsIdentifier",
			"type": "INBOUND",
			 "statuses":{  
            "bookingStatus":"CONFIRMED",
            "acceptanceStatus":"OPEN",
            "boardingStatus":"NOTOPEN"
         },
			"origin": {
				"identifier": "gateIdentifier 001",
				"terminal": "T3",
				"gate": {
					"number": "9A"
				}
			},
			"destination": {
				"identifier": "destinationIdentifier001",
				"terminal": "1D",
				"gate": {
					"number": "10A"
				}
			},
			"scheduledDepartureLocalDatetime": "2004-08-25T11:20:12.000",
			"scheduledArrivalLocalDatetime": "2004-08-25T11:20:12.000",
			"carriers": [
				{
					"code": "carrierCode001",
					"type": "MARKETING",
					"flightNumber": "BA0125",
					"operationalSuffix": "A"
				}
			],
			"flightLegs": [
				{
					"origin": {
						"identifier": "gateIdentifier 001",
						"terminal": "T3",
						"gate": {
							"number": "9A"
						}
					},
					"destination": {
						"identifier": "destinationIdentifier001",
						"terminal": "1D",
						"gate": {
							"number": "10A"
						}
					},
					"scheduledDepartureLocalDatetime": "2004-08-25T11:20:22.000",
					"scheduledArrivalLocalDatetime": "2004-08-25T11:20:22.000"
				}
			]
		}
	]
}