{
  "resource": "checkinvalidation",
  "identifier": "checkinvalidationv1",
  "version": "v1",
  "effectiveDate": "01/08/2019",
  "configurationNamespaces": [
    {
      "name": "Errors",
      "configurationItems": [
        {
          "identifier": "checkinvalidation.error.REQUEST_INVALID.code",
          "value": "REQUEST_INVALID"
        },
        {
          "identifier": "checkinvalidation.error.REQUEST_INVALID.status.code",
          "value": "400"
        },
        {
          "identifier": "checkinvalidation.error.REQUEST_INVALID.business_message",
          "value": "Request Invalid"
        },
        {
          "identifier": "checkinvalidation.error.REQUEST_INVALID.developer_link",
          "value": "https://developer.iag.com"
        },
        {
          "identifier": "checkinvalidation.error.REQUEST_INVALID.developer_message",
          "value": "Request Invalid"
        },
        {
          "identifier": "checkinvalidation.error.DATA_INVALID.business_message",
          "value": "Data Invalid"
        },
        {
          "identifier": "checkinvalidation.error.DATA_INVALID.developer_message_bookingidentifier",
          "value": "Booking identifier is invalid"
        },
        {
          "identifier": "checkinvalidation.error.DATA_INVALID.developer_link",
          "value": "https://developer.iag.com"
        },
        {
          "identifier": "checkinvalidation.error.DATA_INVALID.code",
          "value": "DATA_INVALID"
        },
        {
          "identifier": "checkinvalidation.error.DATA_INVALID.status.code",
          "value": "413"
        },
        {
          "identifier": "checkinvalidation.error.MANDATORY_DATA_MISSING.status.code",
          "value": "400"
        },
        {
          "identifier": "checkinvalidation.error.MANDATORY_DATA_MISSING.developer_message",
          "value": "Mandatory Data Missing"
        },
        {
          "identifier": "checkinvalidation.error.MANDATORY_DATA_MISSING.code",
          "value": "MANDATORY DATA MISSING"
        },
        {
          "identifier": "checkinvalidation.error.MANDATORY_DATA_MISSING.business_message",
          "value": "Mandatory Data Missing"
        },
        {
          "identifier": "checkinvalidation.error.MANDATORY_DATA_MISSING.developer_link",
          "value": "https://developer.iag.com"
        },
        {
          "identifier": "checkinvalidation.error.GATEWAY_TIMEOUT.status.code",
          "value": "504"
        },
        {
          "identifier": "checkinvalidation.error.GATEWAY_TIMEOUT.code",
          "value": "GATEWAY_TIMEOUT"
        },
        {
          "identifier": "checkinvalidation.error.GATEWAY_TIMEOUT.business_message",
          "value": "Gateway timeout"
        },
        {
          "identifier": "checkinvalidation.error.GATEWAY_TIMEOUT.developer_message",
          "value": "Gateway timeout"
        },
        {
          "identifier": "checkinvalidation.error.GATEWAY_TIMEOUT.developer_link",
          "value": "https://developer.iag.com"
        },
        {
          "identifier": "checkinvalidation.error.SYSTEM_UNAVAILABLE.status.code",
          "value": "503"
        },
        {
          "identifier": "checkinvalidation.error.SYSTEM_UNAVAILABLE.code",
          "value": "SYSTEM_UNAVAILABLE"
        },
        {
          "identifier": "checkinvalidation.error.SYSTEM_UNAVAILABLE.business_message",
          "value": "System unavailable"
        },
        {
          "identifier": "checkinvalidation.error.SYSTEM_UNAVAILABLE.developer_message",
          "value": "System unavailable"
        },
        {
          "identifier": "checkinvalidation.error.SYSTEM_UNAVAILABLE.developer_link",
          "value": "https://developer.iag.com"
        },
        {
          "identifier": "checkinvalidation.error.UNSUPPORTED_MEDIA_TYPE.code",
          "value": "HEADER_INVALID"
        },
        {
          "identifier": "checkinvalidation.error.UNSUPPORTED_MEDIA_TYPE.business_message",
          "value": "Unsupported media type"
        },
        {
          "identifier": "checkinvalidation.error.UNSUPPORTED_MEDIA_TYPE.developer_message",
          "value": "Unsupported media type"
        },
        {
          "identifier": "checkinvalidation.error.UNSUPPORTED_MEDIA_TYPE.status.code",
          "value": "415"
        },
        {
          "identifier": "checkinvalidation.error.UNSUPPORTED_MEDIA_TYPE.developer_link",
          "value": "https://developer.iag.com"
        },
        {
          "identifier": "checkinvalidation.error.REQUEST_TOO_LONG.status.code",
          "value": "413"
        },
        {
          "identifier": "checkinvalidation.error.REQUEST_TOO_LONG.code",
          "value": "REQUEST_TOO_LONG"
        },
        {
          "identifier": "checkinvalidation.error.REQUEST_TOO_LONG.business_message",
          "value": "Request too long"
        },
        {
          "identifier": "checkinvalidation.error.REQUEST_TOO_LONG.developer_message",
          "value": "Request too long"
        },
        {
          "identifier": "checkinvalidation.error.REQUEST_TOO_LONG.developer_link",
          "value": "https://developer.iag.com"
        },
        {
          "identifier": "checkinvalidation.error.METHOD_NOT_ALLOWED.status.code",
          "value": "405"
        },
        {
          "identifier": "checkinvalidation.error.METHOD_NOT_ALLOWED.code",
          "value": "METHOD_NOT_SUPPORTED"
        },
        {
          "identifier": "checkinvalidation.error.METHOD_NOT_ALLOWED.business_message",
          "value": "Method not allowed"
        },
        {
          "identifier": "checkinvalidation.error.METHOD_NOT_ALLOWED.developer_message",
          "value": "Method not allowed"
        },
        {
          "identifier": "checkinvalidation.error.METHOD_NOT_ALLOWED.developer_link",
          "value": "https://developer.iag.com"
        },
        {
          "identifier": "checkinvalidation.error.BOOKING_NOT_FOUND.developer_link",
          "value": "https://developer.iag.com"
        },
        {
          "identifier": "checkinvalidation.error.BOOKING_NOT_FOUND.business_message",
          "value": "Booking not found"
        },
        {
          "identifier": "checkinvalidation.error.BOOKING_NOT_FOUND.developer_message",
          "value": "Booking not found"
        },
        {
          "identifier": "checkinvalidation.error.BOOKING_NOT_FOUND.status.code",
          "value": "400"
        },
        {
          "identifier": "checkinvalidation.error.FLIGHT_NOT_OPERATIONAL.developer_link",
          "value": "https://developer.iag.com"
        },
        {
          "identifier": "checkinvalidation.error.FLIGHT_NOT_OPERATIONAL.business_message",
          "value": "Flight Not Operational"
        },
        {
          "identifier": "checkinvalidation.error.FLIGHT_NOT_OPERATIONAL.developer_message",
          "value": "Flight Not Operational"
        },
        {
          "identifier": "checkinvalidation.error.FLIGHT_NOT_OPERATIONAL.status.code",
          "value": "400"
        },
        {
          "identifier": "checkinvalidation.error.FLIGHT_NOT_OPERATIONAL.code",
          "value": "FLIGHT_NOT_OPERATIONAL"
        },
        {
          "identifier": "checkinvalidation.error.BOARDING_CLOSED.developer_link",
          "value": "https://developer.iag.com"
        },
        {
          "identifier": "checkinvalidation.error.BOARDING_CLOSED.business_message",
          "value": "Boarding Closed"
        },
        {
          "identifier": "checkinvalidation.error.BOARDING_CLOSED.developer_message",
          "value": "Boarding Closed"
        },
        {
          "identifier": "checkinvalidation.error.BOARDING_CLOSED.status.code",
          "value": "400"
        },
        {
          "identifier": "checkinvalidation.error.BOARDING_CLOSED.code",
          "value": "BOARDING_CLOSED"
        },
        {
          "identifier": "checkinvalidation.error.FLIGHT_CANCELLED.developer_link",
          "value": "https://developer.iag.com"
        },
        {
          "identifier": "checkinvalidation.error.FLIGHT_CANCELLED.business_message",
          "value": "Flight Cancelled"
        },
        {
          "identifier": "checkinvalidation.error.FLIGHT_CANCELLED.developer_message",
          "value": "Flight Cancelled"
        },
        {
          "identifier": "checkinvalidation.error.FLIGHT_CANCELLED.status.code",
          "value": "400"
        },
        {
          "identifier": "checkinvalidation.error.FLIGHT_CANCELLED.code",
          "value": "FLIGHT_CANCELLED"
        },
        {
          "identifier": "checkinvalidation.error.FLIGHT_NOT_ACTIVE.developer_link",
          "value": "https://developer.iag.com"
        },
        {
          "identifier": "checkinvalidation.error.FLIGHT_NOT_ACTIVE.business_message",
          "value": "Flight Not Active"
        },
        {
          "identifier": "checkinvalidation.error.FLIGHT_NOT_ACTIVE.developer_message",
          "value": "Flight Not Active"
        },
        {
          "identifier": "checkinvalidation.error.FLIGHT_NOT_ACTIVE.status.code",
          "value": "400"
        },
        {
          "identifier": "checkinvalidation.error.FLIGHT_NOT_ACTIVE.code",
          "value": "FLIGHT_CANCELLED"
        },
        {
          "identifier": "checkinvalidation.error.FLIGHT_LOCKED.developer_link",
          "value": "https://developer.iag.com"
        },
        {
          "identifier": "checkinvalidation.error.FLIGHT_LOCKED.business_message",
          "value": "Flight Locked"
        },
        {
          "identifier": "checkinvalidation.error.FLIGHT_LOCKED.developer_message",
          "value": "Flight Locked"
        },
        {
          "identifier": "checkinvalidation.error.FLIGHT_LOCKED.status.code",
          "value": "400"
        },
        {
          "identifier": "checkinvalidation.error.FLIGHT_LOCKED.code",
          "value": "FLIGHT_LOCKED"
        },
        {
          "identifier": "checkinvalidation.error.FLIGHT_SUSPENDED.developer_link",
          "value": "https://developer.iag.com"
        },
        {
          "identifier": "checkinvalidation.error.FLIGHT_SUSPENDED.business_message",
          "value": "Flight Suspended"
        },
        {
          "identifier": "checkinvalidation.error.FLIGHT_SUSPENDED.developer_message",
          "value": "Flight Suspended"
        },
        {
          "identifier": "checkinvalidation.error.FLIGHT_SUSPENDED.status.code",
          "value": "400"
        },
        {
          "identifier": "checkinvalidation.error.FLIGHT_SUSPENDED.code",
          "value": "FLIGHT_SUSPENDED"
        },
        {
          "identifier": "checkinvalidation.error.ACCEPTANCE_FAILED.developer_link",
          "value": "https://developer.iag.com"
        },
        {
          "identifier": "checkinvalidation.error.ACCEPTANCE_FAILED.business_message",
          "value": "Acceptance Failed"
        },
        {
          "identifier": "checkinvalidation.error.ACCEPTANCE_FAILED.developer_message",
          "value": "Acceptance Failed"
        },
        {
          "identifier": "checkinvalidation.error.ACCEPTANCE_FAILED.status.code",
          "value": "400"
        },
        {
          "identifier": "checkinvalidation.error.ACCEPTANCE_FAILED.code",
          "value": "ACCEPTANCE_FAILED"
        }
      ],
      "configurationNamespaces": []
    },
    {
      "name": "ValidationOutcomeConstants",
      "configurationItems": [
        {
          "identifier": "validation-outcome.result.success.code",
          "value": "V00001"
        },
        {
          "identifier": "validation-outcome.result.success.description",
          "value": "Eligibility Validation Success"
        },
        {
          "identifier": "validation-outcome.result.operational.success.code",
          "value": "VAL0001"
        },
        {
          "identifier": "validation-outcome.result.operational.success.description",
          "value": "Operational Validation Success"
        },
        {
          "identifier": "validation-outcome.result.operational.failure.code",
          "value": "VAL0004"
        },
        {
          "identifier": "validation-outcome.result.operational.failure.description",
          "value": "Operational Validation Failure"
        }
      ],
      "configurationNamespaces": []
    },
    {
      "name": "AmadeusConnectivity",
      "configurationItems": [
        {
          "identifier": "REFERENCE_QUALIFIER",
          "value": "UCI"
        },
        {
          "identifier": "ERROR_CATEGORY",
          "value": "EC"
        },
        {
          "identifier": "AMADEUS_URL",
          "value": "http://webservices.amadeus.com/1ASIWIAGBA/CREGRQ_16_2_1A"
        },
        {
          "identifier": "AMADEUS_URL",
          "value": "http://webservices.amadeus.com/1ASIWIAGBA/CCKIUQ_16_4_1A"
        },
		 {
          "identifier": "HTTP_SENDER_WILDCARD_HOSTS",
          "value": "*"
        },
        {
          "identifier": "HTTP_SENDER_MAX_HOSTS",
          "value": "5"
        },
        {
          "identifier": "HTTP_SENDER_READ_TIME_OUT",
          "value": "10000"
        },
        {
          "identifier": "HTTP_SENDER_CONNECTOR_TIME_OUT",
          "value": "100000"
        },
        {
          "identifier": "CHECKINVALIDATION_MARSHALLER",
          "value": "com.amadeus.xml.cregrq_16_2_1a"
        },
        {
          "identifier": "CHECKINVALIDATION_UNMARSHALLER",
          "value": "com.amadeus.xml.cregrr_16_2_1a"
        },
        {
          "identifier": "BOOKING_NOT_FOUND_CODE_STATUS_LIST",
          "value": "17112,14145,14147 ,14147 ,14145,17347,17503,28469,19507,14806,14810,14809,14808,19695,17332,14807,14789,14788,14787,14786,14784,14782"
        },
        {
          "identifier": "SYSTEM_UNAVAILABLE_CODE_STATUS_LIST",
          "value": "17011,17111,17112 ,11,17569,17336,17391,19915,19436,19204,19897"
        },
        {
          "identifier": "IGNORE_CODE_STATUS_LIST",
          "value": "14165 ,17652 ,14025,17335,19223,19226"
        },
        {
          "identifier": "FLIGHT_NOT_OPERATIONAL_CODE_STATUS",
          "value": "17084"
        },
        {
          "identifier": "BOARDING_CLOSED_CODE_STATUS",
          "value": "14204"
        },
        {
          "identifier": "FLIGHT_CANCELLED_CODE_STATUS",
          "value": "18015"
        },
        {
          "identifier": "FLIGHT_NOT_ACTIVE_CODE_STATUS",
          "value": "19227"
        },
        {
          "identifier": "FLIGHT_LOCKED_CODE_STATUS",
          "value": "14024"
        },
        {
          "identifier": "FLIGHT_SUSPENDED_CODE_STATUS",
          "value": "14220"
        }
      ],
      "configurationNamespaces": []
    },
    {
      "name": "AmadeusConnectivity.CheckIn",
      "configurationItems": [
        {
          "identifier": "REFERENCE_QUALIFIER",
          "value": "UCI"
        },
        {
          "identifier": "ERROR_CATEGORY",
          "value": "EC"
        },
        {
          "identifier": "AMADEUS_URL",
          "value": "http://webservices.amadeus.com/1ASIWIAGBA/CCKIUQ_16_4_1A"
        },
		{
          "identifier": "DEFAULT_URL",
          "value": "https://nodeA3.test.webservices.amadeus.com/1ASIWIAGBA"
        },
        {
          "identifier": "MARSHALLER",
          "value": "com.amadeus.xml.cckiuq_16_4_1a"
        },
        {
          "identifier": "UNMARSHALLER",
          "value": "com.amadeus.xml.cckiur_16_4_1a"
        },
        {
          "identifier": "SYSTEM_UNAVAILABLE_CODE_STATUS_LIST",
          "value": "11,27997,19071,17336,14502,19204,14432,18052"
        },
        {
          "identifier": "IGNORE_CODE_STATUS_LIST",
          "value": "17335,19223,19226"
        },
        {
          "identifier": "FLIGHT_CANCELLED_CODE_STATUS",
          "value": "8715"
        },
        {
          "identifier": "FLIGHT_SUSPENDED_CODE_STATUS",
          "value": "14220"
        },
        {
          "identifier": "WARNING_CODE_STATUS_LIST",
          "value": "14164,17094,17106,17139,17052,14955,17362,17363,19070,14984,19071,17807,17866,17889,19441,19892,14173,14174,14175,14178,17091,17100,17564,14984,14170,17549,14172,19262,19319,19783,19749,19623,19826"
        },
        {
          "identifier": "ACCEPTANCE_FAILED_STATUS_LIST",
          "value": "14151,14152,14153,14154,14156,14157,14158,14160,14556,2299,14163,14191,14512,17350,17565,17051,,17237,17566,17384,17681,17887,17888,,17576,,19069,19095,19096,17983,19532,19170,19216,27835,27856,14165,14166,14167,14168,14169,14028,14026,14024,17588,8715,14025,14171,14027,14035,14590,17104,17322,17283,14954,14474,17413,17194,17668,17667,17654,17688,,17690,17652,17653,14220,17852,17853,17854,17936,17937,19163,17873,19263,19264,19265,19521,19442,19500,19497,19687,19530,19835,19340,14685,19277,19278,19279,19831,19967,19693,19342,19627,19746,19420,19836,19338,,27995,,27997,27998,28137"
        }
      ],
      "configurationNamespaces": []
    }
  ]
}