 <DCSACC_CheckRegulatoryRqtsReply xmlns="http://xml.amadeus.com/CREGRR_16_2_1A">
         <result>
            <statusCode>N</statusCode>
         </result>
         <errors>
            <errorOrWarningCodeDetails>
               <errorDetails>
                  <errorCode>19204</errorCode>
                  <errorCategory>EC</errorCategory>
               </errorDetails>
            </errorOrWarningCodeDetails>
            <errorWarningDescription>
               <freeTextDetails>
                  <textSubjectQualifier>1</textSubjectQualifier>
                  <language>EN</language>
                  <source>M</source>
                  <encoding>1</encoding>
               </freeTextDetails>
               <freeText>Entry not authorised (permission -</freeText>
               <freeText>CMT_SSR_CHECK_REGULATORY_REQUIREMENTS_STD).</freeText>
            </errorWarningDescription>
         </errors>
      </DCSACC_CheckRegulatoryRqtsReply>
