
      <DCSACC_CheckRegulatoryRqtsReply xmlns="http://xml.amadeus.com/CREGRR_16_2_1A">
         <result>
            <statusCode>N</statusCode>
         </result>
         <customerLevel>
            <customerIdentifier>
               <idSection>
                  <referenceQualifier>UCI</referenceQualifier>
                  <primeId>20052A7900012DC6</primeId>
               </idSection>
            </customerIdentifier>
            <customerDetails>
               <paxDetails>
                  <surname>RUST</surname>
                  <type>A</type>
               </paxDetails>
               <otherPaxDetails>
                  <givenName>ADAM JOHN</givenName>
                  <type>M</type>
                  <title>MR</title>
               </otherPaxDetails>
            </customerDetails>
            <productLevel>
               <operatingFlightDetails>
                  <carrierDetails>
                     <marketingCarrier>BA</marketingCarrier>
                  </carrierDetails>
                  <flightDetails>
                     <flightNumber>15</flightNumber>
                  </flightDetails>
                  <departureDate>20180912</departureDate>
                  <boardPoint>NCE</boardPoint>
                  <offPoint>LHR</offPoint>
                  <arrivalDate>20180914</arrivalDate>
               </operatingFlightDetails>
               <productIdentifier>
                  <idSection>
                     <referenceQualifier>DID</referenceQualifier>
                     <primeId>2002CA7900038EDE</primeId>
                  </idSection>
               </productIdentifier>
               <errors>
                  <errorOrWarningCodeDetails>
                     <errorDetails>
                        <errorCode>14221</errorCode>
                        <errorCategory>EC</errorCategory>
                     </errorDetails>
                  </errorOrWarningCodeDetails>
                  <errorWarningDescription>
                     <freeTextDetails>
                        <textSubjectQualifier>1</textSubjectQualifier>
                        <language>EN</language>
                        <source>M</source>
                        <encoding>1</encoding>
                     </freeTextDetails>
                     <freeText>Invalid leg information</freeText>
                  </errorWarningDescription>
               </errors>
               <regulatoryIndicators>
                  <statusDetails>
                     <indicator>API</indicator>
                     <action>Y</action>
                  </statusDetails>
                  <statusDetails>
                     <indicator>APR</indicator>
                     <action>S</action>
                  </statusDetails>
                  <statusDetails>
                     <indicator>ARQ</indicator>
                     <action>R</action>
                  </statusDetails>
                  <statusDetails>
                     <indicator>TVR</indicator>
                     <action>N</action>
                  </statusDetails>
                  <statusDetails>
                     <indicator>AQQ</indicator>
                     <action>X</action>
                  </statusDetails>
                  <statusDetails>
                     <indicator>IAP</indicator>
                     <action>X</action>
                  </statusDetails>
                  <statusDetails>
                     <indicator>ADC</indicator>
                     <action>X</action>
                  </statusDetails>
                  <statusDetails>
                     <indicator>GBR</indicator>
                     <action>O</action>
                  </statusDetails>
                  <statusDetails>
                     <indicator>APD</indicator>
                     <action>AIY</action>
                  </statusDetails>
               </regulatoryIndicators>
            </productLevel>
         </customerLevel>
         <customerLevel>
            <customerIdentifier>
               <idSection>
                  <referenceQualifier>UCI</referenceQualifier>
                  <primeId>20056A55000048DC</primeId>
               </idSection>
            </customerIdentifier>
            <customerDetails>
               <paxDetails>
                  <surname>RICHARDS</surname>
                  <type>A</type>
               </paxDetails>
               <otherPaxDetails>
                  <givenName>BARBARA</givenName>
                  <type>F</type>
                  <title>MS</title>
               </otherPaxDetails>
            </customerDetails>
            <productLevel>
               <operatingFlightDetails>
                  <carrierDetails>
                     <marketingCarrier>BA</marketingCarrier>
                  </carrierDetails>
                  <flightDetails>
                     <flightNumber>15</flightNumber>
                  </flightDetails>
                  <departureDate>20180912</departureDate>
                  <boardPoint>NCE</boardPoint>
                  <offPoint>LHR</offPoint>
                  <arrivalDate>20180914</arrivalDate>
               </operatingFlightDetails>
               <productIdentifier>
                  <idSection>
                     <referenceQualifier>DID</referenceQualifier>
                     <primeId>20008A550000DD86</primeId>
                  </idSection>
               </productIdentifier>
               <errors>
                  <errorOrWarningCodeDetails>
                     <errorDetails>
                        <errorCode>14221</errorCode>
                        <errorCategory>EC</errorCategory>
                     </errorDetails>
                  </errorOrWarningCodeDetails>
                  <errorWarningDescription>
                     <freeTextDetails>
                        <textSubjectQualifier>1</textSubjectQualifier>
                        <language>EN</language>
                        <source>M</source>
                        <encoding>1</encoding>
                     </freeTextDetails>
                     <freeText>Invalid leg information</freeText>
                  </errorWarningDescription>
               </errors>
               <regulatoryIndicators>
                  <statusDetails>
                     <indicator>API</indicator>
                     <action>Y</action>
                  </statusDetails>
                  <statusDetails>
                     <indicator>APR</indicator>
                     <action>F</action>
                  </statusDetails>
                  <statusDetails>
                     <indicator>ARQ</indicator>
                     <action>R</action>
                  </statusDetails>
                  <statusDetails>
                     <indicator>TVR</indicator>
                     <action>N</action>
                  </statusDetails>
                  <statusDetails>
                     <indicator>AQQ</indicator>
                     <action>X</action>
                  </statusDetails>
                  <statusDetails>
                     <indicator>IAP</indicator>
                     <action>X</action>
                  </statusDetails>
                  <statusDetails>
                     <indicator>ADC</indicator>
                     <action>X</action>
                  </statusDetails>
                  <statusDetails>
                     <indicator>GBR</indicator>
                     <action>O</action>
                  </statusDetails>
                  <statusDetails>
                     <indicator>APD</indicator>
                     <action>AIY</action>
                  </statusDetails>
               </regulatoryIndicators>
            </productLevel>
         </customerLevel>
      </DCSACC_CheckRegulatoryRqtsReply>
  