{
    "total-records": 2,
    "validation-outcomes": [
        {
            "code": "14221",
            "validation-type": "ELIGIBILITY",
            "description": "Invalid leg information ",
            "passenger": {
                "passenger-identifier": "20052A7900012DC6"
            },
            "result": "FAILURE"
        },
        {
            "code": "14221",
            "validation-type": "ELIGIBILITY",
            "description": "Invalid leg information ",
            "passenger": {
                "passenger-identifier": "20056A55000048DC"
            },
            "result": "FAILURE"
        }
    ]
}