<DCSACC_CheckRegulatoryRqtsReply xmlns="http://xml.amadeus.com/CREGRR_16_2_1A">
         <result>
            <statusCode>Y</statusCode>
         </result>
         <customerLevel>
            <customerIdentifier>
               <idSection>
                  <referenceQualifier>UCI</referenceQualifier>
                  <primeId>10A2BA000333F04F</primeId>
               </idSection>
            </customerIdentifier>
            <customerDetails>
               <paxDetails>
                  <surname>TEST</surname>
                  <type>IN</type>
               </paxDetails>
               <otherPaxDetails>
                  <givenName>INFANTPAX</givenName>
                  <type>F</type>
                  <title>MISS</title>
               </otherPaxDetails>
            </customerDetails>
            <productLevel>
               <operatingFlightDetails>
                  <carrierDetails>
                     <marketingCarrier>EI</marketingCarrier>
                  </carrierDetails>
                  <flightDetails>
                     <flightNumber>151</flightNumber>
                  </flightDetails>
                  <departureDate>20180918</departureDate>
                  <boardPoint>LHR</boardPoint>
                  <offPoint>DUB</offPoint>
                  <arrivalDate>20180918</arrivalDate>
               </operatingFlightDetails>
               <productIdentifier>
                  <idSection>
                     <referenceQualifier>DID</referenceQualifier>
                     <primeId>10A2BA0005D144AC</primeId>
                  </idSection>
               </productIdentifier>
               <regulatoryIndicators>
                  <statusDetails>
                     <indicator>API</indicator>
                     <action>Y</action>
                  </statusDetails>
                  <statusDetails>
                     <indicator>APR</indicator>
                     <action>X</action>
                  </statusDetails>
                  <statusDetails>
                     <indicator>ARQ</indicator>
                     <action>N</action>
                  </statusDetails>
                  <statusDetails>
                     <indicator>TVR</indicator>
                     <action>N</action>
                  </statusDetails>
                  <statusDetails>
                     <indicator>AQQ</indicator>
                     <action>X</action>
                  </statusDetails>
                  <statusDetails>
                     <indicator>IAP</indicator>
                     <action>X</action>
                  </statusDetails>
                  <statusDetails>
                     <indicator>ADC</indicator>
                     <action>X</action>
                  </statusDetails>
                  <statusDetails>
                     <indicator>APD</indicator>
                     <action>AIQ</action>
                  </statusDetails>
               </regulatoryIndicators>
            </productLevel>
         </customerLevel>
      </DCSACC_CheckRegulatoryRqtsReply>
