{
    "total-records": 8,
    "validation-outcomes": [
        {
            "code": "14476",
            "validation-type": "ELIGIBILITY",
            "description": "Date of birth required ",
            "passenger": {
                "passenger-identifier": "20052A7900012DC6"
            },
            "result": "FAILURE"
        },
        {
            "code": "14734",
            "validation-type": "ELIGIBILITY",
            "description": "Passport country of issue required ",
            "passenger": {
                "passenger-identifier": "20052A7900012DC6"
            },
            "result": "FAILURE"
        },
        {
            "code": "14733",
            "validation-type": "ELIGIBILITY",
            "description": "Expiry date of passport required. ",
            "passenger": {
                "passenger-identifier": "20052A7900012DC6"
            },
            "result": "FAILURE"
        },
        {
            "code": "14730",
            "validation-type": "ELIGIBILITY",
            "description": "Customers given name required. ",
            "passenger": {
                "passenger-identifier": "20052A7900012DC6"
            },
            "result": "FAILURE"
        },
        {
            "code": "14729",
            "validation-type": "ELIGIBILITY",
            "description": "Customer passport number required ",
            "passenger": {
                "passenger-identifier": "20052A7900012DC6"
            },
            "result": "FAILURE"
        },
        {
            "code": "14731",
            "validation-type": "ELIGIBILITY",
            "description": "Customers surname required. ",
            "passenger": {
                "passenger-identifier": "20052A7900012DC6"
            },
            "result": "FAILURE"
        },
        {
            "code": "14799",
            "validation-type": "ELIGIBILITY",
            "description": "Other regulatory document identifier required ",
            "passenger": {
                "passenger-identifier": "20052A7900012DC6"
            },
            "result": "FAILURE"
        },
        {
            "code": "14800",
            "validation-type": "ELIGIBILITY",
            "description": "Other regulatory document number required ",
            "passenger": {
                "passenger-identifier": "20052A7900012DC6"
            },
            "result": "FAILURE"
        }
    ]
}