      <DCSACC_CheckRegulatoryRqtsReply xmlns="http://xml.amadeus.com/CREGRR_16_2_1A">
         <result>
            <statusCode>N</statusCode>
         </result>
         <customerLevel>
            <customerIdentifier>
               <idSection>
                  <referenceQualifier>UCI</referenceQualifier>
                  <primeId>20052A7900012DC6</primeId>
               </idSection>
            </customerIdentifier>
            <customerDetails>
               <paxDetails>
                  <surname>ADAMS</surname>
                  <type>A</type>
               </paxDetails>
               <otherPaxDetails>
                  <givenName>CARMEN</givenName>
                  <type>F</type>
               </otherPaxDetails>
            </customerDetails>
            <productLevel>
               <operatingFlightDetails>
                  <carrierDetails>
                     <marketingCarrier>BA</marketingCarrier>
                  </carrierDetails>
                  <flightDetails>
                     <flightNumber>345</flightNumber>
                  </flightDetails>
                  <departureDate>20180907</departureDate>
                  <boardPoint>NCE</boardPoint>
                  <offPoint>LHR</offPoint>
                  <arrivalDate>20180907</arrivalDate>
               </operatingFlightDetails>
               <productIdentifier>
                  <idSection>
                     <referenceQualifier>DID</referenceQualifier>
                     <primeId>20031A5600166AA5</primeId>
                  </idSection>
               </productIdentifier>
               <errors>
                  <errorOrWarningCodeDetails>
                     <errorDetails>
                        <errorCode>14476</errorCode>
                        <errorCategory>EC</errorCategory>
                     </errorDetails>
                  </errorOrWarningCodeDetails>
                  <errorWarningDescription>
                     <freeTextDetails>
                        <textSubjectQualifier>1</textSubjectQualifier>
                        <language>EN</language>
                        <source>M</source>
                        <encoding>1</encoding>
                     </freeTextDetails>
                     <freeText>Date of birth required</freeText>
                  </errorWarningDescription>
               </errors>
               <errors>
                  <errorOrWarningCodeDetails>
                     <errorDetails>
                        <errorCode>14734</errorCode>
                        <errorCategory>EC</errorCategory>
                     </errorDetails>
                  </errorOrWarningCodeDetails>
                  <errorWarningDescription>
                     <freeTextDetails>
                        <textSubjectQualifier>1</textSubjectQualifier>
                        <language>EN</language>
                        <source>M</source>
                        <encoding>1</encoding>
                     </freeTextDetails>
                     <freeText>Passport country of issue required</freeText>
                  </errorWarningDescription>
               </errors>
               <errors>
                  <errorOrWarningCodeDetails>
                     <errorDetails>
                        <errorCode>14733</errorCode>
                        <errorCategory>EC</errorCategory>
                     </errorDetails>
                  </errorOrWarningCodeDetails>
                  <errorWarningDescription>
                     <freeTextDetails>
                        <textSubjectQualifier>1</textSubjectQualifier>
                        <language>EN</language>
                        <source>M</source>
                        <encoding>1</encoding>
                     </freeTextDetails>
                     <freeText>Expiry date of passport required.</freeText>
                  </errorWarningDescription>
               </errors>
               <errors>
                  <errorOrWarningCodeDetails>
                     <errorDetails>
                        <errorCode>14730</errorCode>
                        <errorCategory>EC</errorCategory>
                     </errorDetails>
                  </errorOrWarningCodeDetails>
                  <errorWarningDescription>
                     <freeTextDetails>
                        <textSubjectQualifier>1</textSubjectQualifier>
                        <language>EN</language>
                        <source>M</source>
                        <encoding>1</encoding>
                     </freeTextDetails>
                     <freeText>Customers given name required.</freeText>
                  </errorWarningDescription>
               </errors>
               <errors>
                  <errorOrWarningCodeDetails>
                     <errorDetails>
                        <errorCode>14729</errorCode>
                        <errorCategory>EC</errorCategory>
                     </errorDetails>
                  </errorOrWarningCodeDetails>
                  <errorWarningDescription>
                     <freeTextDetails>
                        <textSubjectQualifier>1</textSubjectQualifier>
                        <language>EN</language>
                        <source>M</source>
                        <encoding>1</encoding>
                     </freeTextDetails>
                     <freeText>Customer passport number required</freeText>
                  </errorWarningDescription>
               </errors>
               <errors>
                  <errorOrWarningCodeDetails>
                     <errorDetails>
                        <errorCode>14731</errorCode>
                        <errorCategory>EC</errorCategory>
                     </errorDetails>
                  </errorOrWarningCodeDetails>
                  <errorWarningDescription>
                     <freeTextDetails>
                        <textSubjectQualifier>1</textSubjectQualifier>
                        <language>EN</language>
                        <source>M</source>
                        <encoding>1</encoding>
                     </freeTextDetails>
                     <freeText>Customers surname required.</freeText>
                  </errorWarningDescription>
               </errors>
               <errors>
                  <errorOrWarningCodeDetails>
                     <errorDetails>
                        <errorCode>14799</errorCode>
                        <errorCategory>EC</errorCategory>
                     </errorDetails>
                  </errorOrWarningCodeDetails>
                  <errorWarningDescription>
                     <freeTextDetails>
                        <textSubjectQualifier>1</textSubjectQualifier>
                        <language>EN</language>
                        <source>M</source>
                        <encoding>1</encoding>
                     </freeTextDetails>
                     <freeText>Other regulatory document identifier required</freeText>
                  </errorWarningDescription>
               </errors>
               <errors>
                  <errorOrWarningCodeDetails>
                     <errorDetails>
                        <errorCode>14800</errorCode>
                        <errorCategory>EC</errorCategory>
                     </errorDetails>
                  </errorOrWarningCodeDetails>
                  <errorWarningDescription>
                     <freeTextDetails>
                        <textSubjectQualifier>1</textSubjectQualifier>
                        <language>EN</language>
                        <source>M</source>
                        <encoding>1</encoding>
                     </freeTextDetails>
                     <freeText>Other regulatory document number required</freeText>
                  </errorWarningDescription>
               </errors>
               <regulatoryIndicators>
                  <statusDetails>
                     <indicator>API</indicator>
                     <action>N</action>
                  </statusDetails>
                  <statusDetails>
                     <indicator>APR</indicator>
                     <action>X</action>
                  </statusDetails>
                  <statusDetails>
                     <indicator>ARQ</indicator>
                     <action>N</action>
                  </statusDetails>
                  <statusDetails>
                     <indicator>TVR</indicator>
                     <action>N</action>
                  </statusDetails>
                  <statusDetails>
                     <indicator>AQQ</indicator>
                     <action>X</action>
                  </statusDetails>
                  <statusDetails>
                     <indicator>IAP</indicator>
                     <action>X</action>
                  </statusDetails>
                  <statusDetails>
                     <indicator>ADC</indicator>
                     <action>X</action>
                  </statusDetails>
                  <statusDetails>
                     <indicator>GBR</indicator>
                     <action>N</action>
                  </statusDetails>
                  <statusDetails>
                     <indicator>APD</indicator>
                     <action>AIN</action>
                  </statusDetails>
               </regulatoryIndicators>
            </productLevel>
         </customerLevel>
      </DCSACC_CheckRegulatoryRqtsReply>
