{
    "total-records": 5,
    "validation-outcomes": [
        {
            "code": "14732",
            "validation-type": "ELIGIBILITY",
            "description": "Customers country of residence required. ",
            "passenger": {
                "passenger-identifier": "20056A55000048DC"
            },
            "result": "FAILURE"
        },
        {
            "code": "14781",
            "validation-type": "ELIGIBILITY",
            "description": "Visa date of issue missing ",
            "passenger": {
                "passenger-identifier": "20056A55000048DC"
            },
            "result": "WARNING"
        },
        {
            "code": "14782",
            "validation-type": "ELIGIBILITY",
            "description": "Visa number missing ",
            "passenger": {
                "passenger-identifier": "20056A55000048DC"
            },
            "result": "WARNING"
        },
        {
            "code": "14783",
            "validation-type": "ELIGIBILITY",
            "description": "Visa expiry date missing ",
            "passenger": {
                "passenger-identifier": "20056A55000048DC"
            },
            "result": "WARNING"
        },
        {
            "code": "14784",
            "validation-type": "ELIGIBILITY",
            "description": "Visa country of issue missing ",
            "passenger": {
                "passenger-identifier": "20056A55000048DC"
            },
            "result": "WARNING"
        }
    ]
}