{  
   "identifier":"bookingIdentifier001",
   "flightSegments":[  
      {  
         "type":"INBOUND",
         "status":"CONFIRMED",
         "origin":{  
            "identifier":"gateIdentifier 001",
            "terminal":"T3",
            "gate":{  
               "number":"9A"
            }
         },
         "destination":{  
            "identifier":"destinationIdentifier001",
            "terminal":"1D",
            "gate":{  
               "number":"10A"
            }
         },
         "scheduledDepartureLocalDatetime":"2004-08-25T11:20:12.000",
         "scheduledArrivalLocalDatetime":"2004-08-25T11:20:12.000",
         "carriers":[  
            {  
               "code":"carrierCode001",
               "type":"MARKETING",
               "flightNumber":"BA0125",
               "operationalSuffix":"A"
            }
         ],
         "flightLegs":[  
            {  
               "origin":{  
                  "identifier":"gateIdentifier 001",
                  "terminal":"T3",
                  "gate":{  
                     "number":"9A"
                  }
               },
               "destination":{  
                  "identifier":"destinationIdentifier001",
                  "terminal":"1D",
                  "gate":{  
                     "number":"10A"
                  }
               },
               "scheduledDepartureLocalDatetime":"2004-08-25T11:20:22.000",
               "scheduledArrivalLocalDatetime":"2004-08-25T11:20:22.000"
            }
         ]
      }
   ]
}