{
	"total-records" : "4",
	"validation-outcomes" :
	[
		{
		  "code": "VAL0001",
		  "validation-type": "ELIGIBILITY",
		  "passenger": {
			"passenger-identifier": "1"
		  },
		  "result": "SUCCESS"  
		},
		{
		  "code": "VAL0002",
		  "validation-type": "ELIGIBILITY",
		  "description": "",
		  "passenger": {
			"passenger-identifier": "3"
		  },
		  "result": "FAILURE"  
		},
		{
		  "code": "VAL0003",
		  "validation-type": "ELIGIBILITY",
		  "description":  "Sample3 Eligibility Validation Failed",
		  "passenger": {
			"passenger-identifier": "4"
		  },
		  "result": "FAILURE"  
		},
		{
		  "code": "VAL0004",
		  "validation-type": "ELIGIBILITY",
		  "description": "Sample4 Eligibility Validation Success",
		  "passenger": {
			"passenger-identifier": "2"
		  },
		  "result": "SUCCESS"  
		}
		
	]
}