{
    "total-records": 2,
    "validation-outcomes": [
        {
            "code": "VALV00001",
            "validation-type": "ELIGIBILITY",
            "description": "Eligibility Validation Success",
            "passenger": {
                "passenger-identifier": "20052A7900012DC6"
            },
            "result": "SUCCESS"
        },
        {
            "code": "VALV00001",
            "validation-type": "ELIGIBILITY",
            "description": "Eligibility Validation Success",
            "passenger": {
                "passenger-identifier": "20056A55000048DC"
            },
            "result": "SUCCESS"
        }
    ]
}