{
	"total-records" : "3",
	"validation-outcomes" :
	[
		{
		  "code": "VAL0001",
		  "validation-type": "ELIGIBILITY",
		  "description": "Eligibility Validation Success",
		  "passenger": {
			"passenger-identifier": "passengerID001"
		  },
		  "result": "SUCCESS"  
		},
		{
		  "code": "VAL0002",
		  "validation-type": "ELIGIBILITY",
		  "description": "Eligibility Validation Success",
		  "passenger": {
			"passenger-identifier": "passengerID002"
		  },
		  "result": "SUCCESS"  
		},
		{
		  "code": "VAL0003",
		  "validation-type": "ELIGIBILITY",
		  "description": "Eligibility Validation Success",
		  "passenger": {
			"passenger-identifier": "passengerID003"
		  },
		  "result": "SUCCESS"  
		}
		
	]
}