{
	"total-records" : "2",
	"validation-outcomes" :
	[
		{
		  "code": "VAL0001",
		  "validation-type": "ELIGIBILITY",
		  "description":  "Eligibility Validation Success",
		  "passenger": {
			"passenger-identifier": "passengerID001"
		  },
		  "result": "SUCCESS"  
		},
		{
		  "code": "VAL0001",
		  "validation-type": "ELIGIBILITY",
		  "description": "Eligibility Validation Failed",
		  "passenger": {
			"passenger-identifier": "passengerID002"
		  },
		  "result": "FAILURE"  
		}
		
	]
}