<?xml version="1.0" encoding="UTF-8"?>
<beans xmlns="http://www.springframework.org/schema/beans"
	xmlns:xsi="http://www.w3.org/2001/XMLSchema-instance" xmlns:context="http://www.springframework.org/schema/context"
	xmlns:aop="http://www.springframework.org/schema/aop" xmlns:tx="http://www.springframework.org/schema/tx"
	xmlns:beans="http://www.springframework.org/schema/beans"
	xmlns:ehcache="http://ehcache-spring-annotations.googlecode.com/svn/schema/ehcache-spring"
	xsi:schemaLocation="http://www.springframework.org/schema/beans http://www.springframework.org/schema/beans/spring-beans-3.0.xsd
	http://www.springframework.org/schema/util http://www.springframework.org/schema/util/spring-util-3.0.xsd
	http://www.springframework.org/schema/aop http://www.springframework.org/schema/aop/spring-aop-3.0.xsd
	http://www.springframework.org/schema/tx http://www.springframework.org/schema/tx/spring-tx-3.0.xsd
	http://ehcache-spring-annotations.googlecode.com/svn/schema/ehcache-spring
	http://ehcache-spring-annotations.googlecode.com/svn/schema/ehcache-spring/ehcache-spring-1.1.xsd
	http://www.springframework.org/schema/context
	http://www.springframework.org/schema/context/spring-context-3.0.xsd">

	<context:annotation-config />
	  <import resource="context-common.xml"/>	
	  <bean name="bidType" class="com.vtl.obs.hb.beans.HBidType"/>
	  <bean name="userDao" class="com.vtl.obs.daoImpl.UserDaoImpl"/>
	 <bean name="obsUtility" class="com.vtl.obs.util.OBSUtility"/>
	 
	 
	  <bean name="iobs" class="com.vtl.obs.servicesImpl.OBSImpl" init-method="init">
			<property name="umfCliName" value="${UMF_CREDENTIALS_CLI_NAME}" />
			<property name="umfCliNameList">
			<list />
			</property>
			<property name="umfUserName" value="${UMF_CREDENTIALS_USER_NAME}" />
			<property name="umfUserNameList">
				<list />
			</property>
			<property name="umfPassword" value="${UMF_CREDENTIALS_PASSWORD}" />
			<property name="umfPasswordList">
				<list />
			</property>
			<property name="qtlUploadFilePath" value="${QTL_UPLOAD_FILE_PATH}" />
			<property name="qtlVendorPassword" value="${QTL_VENDOR_PASSWORD}" />
			<property name="serviceURL" value="${SERVICE_URL}" />
			
	</bean>
	 
	 <bean name="iobsMail" class="com.vtl.obs.servicesImpl.OBSMailImpl">
	 <property name="emailUserName" value="${EMAIL_USER_NAME}" />
	 <property name="emailPassword" value="${EMAIL_PASSWORD}" />
	 </bean>
	 
	 <bean name="hUserBid" class="com.vtl.obs.hb.beans.HUserBid"/>
	 
	  <bean name="obsDao" class="com.vtl.obs.daoImpl.ObsDaoImpl"/>
	  
	  <bean name="requestReloadBean" class="com.vtl.obs.beans.ReloadValidation"/>
	  
	   
	  <bean name="transactionResultBean" class="com.vtl.obs.beans.TransactionResultBean"/>
	  
	  
	  
	<!-- <bean id="multipartResolver" class="org.springframework.web.multipart.commons.CommonsMultipartResolver">
  
        one of the several properties available; the maximum file size in bytes
        
        
        <property name="maxUploadSize" value="5242880"/>
    </bean> 	
    <bean name="fileValidator" class="com.vtl.obs.util.FileValidator"/>
    <bean name="fileBucket" class="com.vtl.obs.beans.FileBucket"/>
    -->
    
    <bean id="multipartResolver"  class="org.springframework.web.multipart.commons.CommonsMultipartResolver" />
</beans>
		 