{
  "properties": {
    "identifier": {
      "description": "The passenger's unique identifier in the booking.",
      "type": "string"
    },
    "associatedPassenger": {
      "properties": {
        "identifier": {
          "type": "string",
          "description": "Associated passengers's unique identifier in the booking."
        }
      },
      "type": "object",
      "additionalProperties": true,
      "required": [
        "identifier"
      ],
      "title": "Associated Passenger"
    },
    "type": {
      "description": "The type of the passenger. Could be any of the following values - INFANT, CHILD,ADULT",
      "enum": [
        "INFANT",
        "CHILD",
        "ADULT"
      ],
      "type": "any"
    },
    "emergencyContact": {
      "properties": {
        "isDeclined": {
          "type": "boolean"
        },
        "person": {
          "description": "Details of emergency contact of the passenger.",
          "properties": {
            "personName": {
              "properties": {
                "title": {
                  "type": "string",
                  "description": "Title of the person - Mr Mrs etc.."
                },
                "firstName": {
                  "type": "string",
                  "description": "Person's first name or given name."
                },
                "middleName": {
                  "description": "Person's middle name.",
                  "type": "string"
                },
                "familyName": {
                  "description": "Person's last name.",
                  "type": "string"
                },
                "secondFamilyName": {
                  "description": "Person's second last name.",
                  "type": "string"
                }
              },
              "type": "object",
              "additionalProperties": true,
              "description": "The name of the passenger.",
              "required": [
                "firstName",
                "familyName"
              ]
            },
            "telecomAddresses": {
              "type": "array",
              "items": {
                "properties": {
                  "number": {
                    "description": "The phone number. The total length of combination of the countryDiallingCode, area code and the number cannot exceed 20 characters. Numeric only.",
                    "type": "string"
                  },
                  "areaCode": {
                    "description": "The area code of the telephone number. The total length of combination of the countryDiallingCode, area code and the number cannot exceed 20 characters. Numeric only.",
                    "type": "string"
                  },
                  "countryDiallingCode": {
                    "description": "The direct dialling code required to call the telecom address from another country. Also referred to as the International Subscriber Dialling (ISD) code. This value is not prefixed with leading zeros or a plus (+), for example, UK telephone numbers will have a country code value of 44. If the country dialling code is not present then the countryCode is used for validating the telecom address.",
                    "type": "string"
                  }
                },
                "type": "object",
                "additionalProperties": true,
                "required": [
                  "number"
                ]
              }
            },
            "postalAddresses": {
              "type": "array",
              "items": {
                "description": "The postal address of the passenger.",
                "properties": {
                  "addressLines": {
                    "type": "array",
                    "description": "An array of string values, each of which represents a line of the postal address, excluding postcode and country.\nFor countries where postcode is not mandatory, at least two lines of address should be provided. For countries where postcode is mandatory, at least one line of address should be provided.\nThere should not be a comma ',' at the end of each address line.\nThe request should follow JSON format for providing multiple address lines.Maximum length will be 4. And can include spaces, hyphens, forward/back slash, apostrophe, exclamation, full stops, commas (but not at the end of a line) but no other special characters.\n",
                    "items": {
                      "type": "string"
                    }
                  },
                  "postCode": {
                    "description": "Is a alphanumeric value including spaces or punctuation, included in a postal address for the purpose of sorting mail. Also known as postal code, Eircode, PIN Code or ZIP Code.\ne.g In the UK - RG5 3LG, SW1A 1AA, In the US - 005011001 etc.\n",
                    "type": "string"
                  },
                  "city": {
                    "type": "string",
                    "description": "Name of the City. Value is the full name of the city and can include spaces but no other special characters.\nFor example - Cape Town, London, New York, New Delhi.\n"
                  },
                  "county": {
                    "type": "string",
                    "description": "Name of the County in the state/country. Value is the full name of the county and can include spaces but no other special characters.\nFor example - West Sussex, West Lothian, Berkshire.\n"
                  },
                  "state": {
                    "description": "Name of the State in the country. Value is the full name of the state and can include spaces but no other special characters.\nFor example -New Jersey, Ohio, Uttar Pradesh.\n",
                    "type": "string"
                  },
                  "country": {
                    "description": "ISO 3166-1 code for the country in the address. Is a 2 letter code specific to a country.e.g. GB, ES, IN etc.",
                    "type": "string"
                  }
                },
                "type": "object",
                "additionalProperties": true,
                "required": [
                  "addressLines",
                  "country"
                ]
              }
            },
            "countryOfResidence": {
              "description": "ISO 3166-1 code for the country. Is a 2 letter code specific to a country.e.g. GB, ES etc.",
              "properties": {
                "type": {
                  "description": "COUNTY, COUNTRY of the area/region.",
                  "type": "string"
                },
                "identifier": {
                  "description": "Identifier of the region/area.",
                  "type": "any"
                }
              },
              "type": "object",
              "additionalProperties": true,
              "required": [
                "type",
                "identifier"
              ]
            }
          },
          "type": "object",
          "additionalProperties": true,
          "required": [
            "personName",
            "telecomAddresses",
            "postalAddresses"
          ]
        }
      },
      "type": "object",
      "additionalProperties": true,
      "description": "Emergency contact details for the passenger",
      "required": [
        "isDeclined"
      ]
    },
    "person": {
      "description": "Passenger's personal details.",
      "properties": {
        "personName": {
          "properties": {
            "title": {
              "type": "string",
              "description": "Title of the person - Mr Mrs etc.."
            },
            "firstName": {
              "type": "string",
              "description": "Person's first name or given name."
            },
            "middleName": {
              "description": "Person's middle name.",
              "type": "string"
            },
            "familyName": {
              "description": "Person's last name.",
              "type": "string"
            },
            "secondFamilyName": {
              "description": "Person's second last name.",
              "type": "string"
            }
          },
          "type": "object",
          "additionalProperties": true,
          "description": "The name of the person.",
          "required": [
            "firstName",
            "familyName"
          ]
        },
        "dateOfBirth": {
          "description": "Date of birth of the Person. Format is YYYY-MM-DD, ISO-8601 Calendar date format.",
          "type": "string",
          "pattern": "^(\\d{4})-(\\d{2})-(\\d{2})$"
        },
        "gender": {
          "description": "The value corresponds to ISO 5218. Values MALE, FEMALE, NOT_SPECIFIED, UNKNOWN. Refer to the gender dictionary.",
          "type": "string"
        },
        "nationality": {
          "properties": {
            "type": {
              "description": "COUNTY, COUNTRY of the area/region.",
              "type": "string"
            },
            "identifier": {
              "description": "ISO 3166-1 code for the country. Is a 2 letter code specific to a country.e.g. GB, ES, IN etc.",
              "type": "string"
            }
          },
          "type": "object",
          "additionalProperties": true,
          "required": [
            "type",
            "identifier"
          ]
        },
        "registered-identifiers": {
          "type": "array",
          "items": {
            "description": "List of passenger's identification documents.",
            "properties": {
              "type": {
                "description": "The type of the identifier. Could be any of the following values. PASSPORT, NATIONAL_IDENTITY_CARD, DRIVING_LICENSE, NATIONAL_INSURANCE_CARD,VISA",
                "type": "string"
              },
              "areaOfApplicability": {
                "description": "The region/area where this identifier is valid.",
                "properties": {
                  "type": {
                    "description": "COUNTY, COUNTRY of the area/region.",
                    "type": "string"
                  },
                  "identifier": {
                    "description": "Identifier of the region/area.",
                    "type": "any"
                  }
                },
                "type": "object",
                "additionalProperties": true,
                "required": [
                  "type",
                  "identifier"
                ]
              },
              "token": {
                "description": "Unique identifier if provided is the most important property of identifierType, identifierId, identifierNo together with identifierSecretNo.",
                "type": "string"
              },
              "placeOfIssue": {
                "description": "The place where this identifier was issued.",
                "properties": {
                  "type": {
                    "description": "Type of the place of issue.",
                    "type": "string"
                  },
                  "identifier": {
                    "description": "Identifier of the place of issue.",
                    "type": "any"
                  }
                },
                "type": "object",
                "additionalProperties": true,
                "required": [
                  "type",
                  "identifier"
                ]
              },
              "person": {
                "description": "The personal details of the passenger.",
                "properties": {
                  "personName": {
                    "properties": {
                      "title": {
                        "type": "string",
                        "description": "Title of the person - Mr Mrs etc.."
                      },
                      "firstName": {
                        "type": "string",
                        "description": "Person's first name or given name."
                      },
                      "middleName": {
                        "description": "Person's middle name.",
                        "type": "string"
                      },
                      "familyName": {
                        "description": "Person's last name.",
                        "type": "string"
                      },
                      "secondFamilyName": {
                        "description": "Person's second last name.",
                        "type": "string"
                      }
                    },
                    "type": "object",
                    "additionalProperties": true,
                    "description": "The name of the passenger.",
                    "required": [
                      "firstName",
                      "familyName"
                    ]
                  }
                },
                "type": "object",
                "additionalProperties": true,
                "required": [
                  "personName"
                ]
              },
              "expiryDate": {
                "description": "Document expiry date. Format is YYYY-MM-DD, ISO-8601 Calendar date format.",
                "type": "string",
                "pattern": "^(\\d{4})-(\\d{2})-(\\d{2})$"
              }
            },
            "type": "object",
            "additionalProperties": true,
            "required": [
              "type",
              "token",
              "placeOfIssue",
              "person",
              "expiryDate"
            ]
          }
        }
      },
      "type": "object",
      "additionalProperties": true,
      "required": [
        "personName"
      ]
    },
    "itinerary": {
      "properties": {
        "eticket": {
          "properties": {
            "identifier": {
              "type": "string"
            }
          },
          "type": "object",
          "additionalProperties": true,
          "required": [
            "identifier"
          ]
        },
        "itinerary-items": {
          "type": "array",
          "items": {
            "properties": {
              "identifier": {
                "type": "string"
              },
              "carriers": {
                "type": "array",
                "items": {
                  "properties": {
                    "code": {
                      "type": "string"
                    },
                    "type": {
                      "enum": [
                        "OPERATING",
                        "MARKETING"
                      ],
                      "type": "any"
                    },
                    "flightNumber": {
                      "type": "string"
                    }
                  },
                  "type": "object",
                  "additionalProperties": true,
                  "required": [
                    "code",
                    "type",
                    "flightNumber"
                  ]
                }
              },
              "origin": {
                "properties": {
                  "identifier": {
                    "description": "An IATA airport code, also known as an IATA location identifier, IATA station code or simply a location identifier, is a three-letter code designating many airports around the world, defined by the International Air Transport Association (IATA). The characters prominently displayed on baggage tags attached at airport check-in desks are an example of a way these codes are used.",
                    "type": "string"
                  },
                  "terminal": {
                    "description": "An airport terminal is a building at an airport where passengers transfer between ground transportation and the facilities that allow them to board and disembark from aircraft. Within the terminal, passengers purchase tickets, transfer their luggage, and go through security.",
                    "type": "string"
                  },
                  "gate": {
                    "description": "A gate, is an area of an airport that provides a waiting area for passengers before boarding their flight.",
                    "properties": {
                      "number": {
                        "type": "string"
                      }
                    },
                    "type": "object",
                    "additionalProperties": true,
                    "required": [
                      "number"
                    ]
                  }
                },
                "type": "object",
                "additionalProperties": true,
                "required": [
                  "identifier",
                  "terminal"
                ]
              },
              "destination": {
                "properties": {
                  "identifier": {
                    "description": "An IATA airport code, also known as an IATA location identifier, IATA station code or simply a location identifier, is a three-letter code designating many airports around the world, defined by the International Air Transport Association (IATA). The characters prominently displayed on baggage tags attached at airport check-in desks are an example of a way these codes are used.",
                    "type": "string"
                  },
                  "terminal": {
                    "description": "An airport terminal is a building at an airport where passengers transfer between ground transportation and the facilities that allow them to board and disembark from aircraft. Within the terminal, passengers purchase tickets, transfer their luggage, and go through security.",
                    "type": "string"
                  },
                  "gate": {
                    "description": "A gate, is an area of an airport that provides a waiting area for passengers before boarding their flight.",
                    "properties": {
                      "number": {
                        "type": "string"
                      }
                    },
                    "type": "object",
                    "additionalProperties": true,
                    "required": [
                      "number"
                    ]
                  }
                },
                "type": "object",
                "additionalProperties": true,
                "required": [
                  "identifier"
                ]
              },
              "scheduledDepartureLocalDatetime": {
                "description": "Scheduled departure local date and time of flight. Format yyyy-mm-ddThh:mm:ss.ffffff, ISO-8601 calendar date format.",
                "type": "string",
                "pattern": "^(\\d{4})-(\\d{2})-(\\d{2})T(\\d{2})(:)(\\d{2})(:)(\\d{2})(\\.\\d+)?$"
              },
              "scheduledArrivalLocalDatetime": {
                "description": "Scheduled arrival local date and time of flight. Format yyyy-mm-ddThh:mm:ss.ffffff, ISO-8601 calendar date format.",
                "type": "string",
                "pattern": "^(\\d{4})-(\\d{2})-(\\d{2})T(\\d{2})(:)(\\d{2})(:)(\\d{2})(\\.\\d+)?$"
              },
              "seat": {
                "properties": {
                  "number": {
                    "type": "string"
                  }
                },
                "type": "object",
                "additionalProperties": true,
                "required": [
                  "number"
                ]
              },
              "passengerStatus": {
                "enum": [
                  "CHECKEDIN",
                  "NOTCHECKEDIN",
                  "STANDBY"
                ],
                "type": "any"
              },
              "bookingClass": {
                "type": "string"
              },
              "cabinCode": {
                "type": "string"
              },
              "destinationAddress": {
                "description": "The postal address of the passenger.",
                "properties": {
                  "addressLines": {
                    "type": "array",
                    "description": "An array of string values, each of which represents a line of the postal address, excluding postcode and country.\nFor countries where postcode is not mandatory, at least two lines of address should be provided. For countries where postcode is mandatory, at least one line of address should be provided.\nThere should not be a comma ',' at the end of each address line.\nThe request should follow JSON format for providing multiple address lines.Maximum length will be 4. And can include spaces, hyphens, forward/back slash, apostrophe, exclamation, full stops, commas (but not at the end of a line) but no other special characters.\n",
                    "items": {
                      "type": "string"
                    }
                  },
                  "postCode": {
                    "description": "Is a alphanumeric value including spaces or punctuation, included in a postal address for the purpose of sorting mail. Also known as postal code, Eircode, PIN Code or ZIP Code.\ne.g In the UK - RG5 3LG, SW1A 1AA, In the US - 005011001 etc.\n",
                    "type": "string"
                  },
                  "city": {
                    "type": "string",
                    "description": "Name of the City. Value is the full name of the city and can include spaces but no other special characters.\nFor example - Cape Town, London, New York, New Delhi.\n"
                  },
                  "county": {
                    "type": "string",
                    "description": "Name of the County in the state/country. Value is the full name of the county and can include spaces but no other special characters.\nFor example - West Sussex, West Lothian, Berkshire.\n"
                  },
                  "state": {
                    "description": "Name of the State in the country. Value is the full name of the state and can include spaces but no other special characters.\nFor example -New Jersey, Ohio, Uttar Pradesh.\n",
                    "type": "string"
                  },
                  "country": {
                    "description": "ISO 3166-1 code for the country in the address. Is a 2 letter code specific to a country.e.g. GB, ES, IN etc.",
                    "type": "string"
                  }
                },
                "type": "object",
                "additionalProperties": true,
                "required": [
                  "addressLines",
                  "country"
                ]
              },
              "status": {
                "enum": [
                  "CONFIRMED",
                  "UNCONFIRMED",
                  "DELAYED"
                ],
                "type": "any"
              },
              "eligibilities": {
                "type": "array",
                "items": {
                  "properties": {
                    "code": {
                      "type": "string"
                    },
                    "description": {
                      "type": "string"
                    }
                  },
                  "type": "object",
                  "additionalProperties": true,
                  "required": [
                    "code",
                    "description"
                  ]
                }
              }
            },
            "type": "object",
            "additionalProperties": true,
            "required": [
              "identifier",
              "carriers",
              "origin",
              "destination",
              "scheduledDepartureLocalDatetime",
              "scheduledArrivalLocalDatetime",
              "passengerStatus",
              "bookingClass",
              "cabinCode",
              "destinationAddress",
              "status"
            ]
          }
        }
      },
      "type": "object",
      "additionalProperties": true,
      "description": "A collection of  itinerary items , passenger wants to check-in for .",
      "required": [
        "eticket",
        "itinerary-items"
      ]
    },
    "_links": {
      "description": "Collection of links. It will have a self link, link to associated passenger and link to the booking",
      "type": "array",
      "items": {
        "description": "Self-linking URL where that item is located.",
        "properties": {
          "rel": {
            "description": "Current context is related to target resource.",
            "type": "string"
          },
          "href": {
            "description": "target which represent current resource.",
            "type": "string"
          }
        },
        "type": "object",
        "additionalProperties": true,
        "required": [
          "rel",
          "href"
        ]
      }
    }
  },
  "type": "object",
  "additionalProperties": true,
  "required": [
    "identifier",
    "type",
    "person",
    "itinerary",
    "_links"
  ],
  "$schema": "http://json-schema.org/draft-06/schema#"
}
