{
      "$schema": "http://json-schema.org/draft-06/schema#",
      "description": "A list of passengers to be accepted.",
      "type": "object",
        "properties": {
          "identifier": {
            "description": "The passenger's unique identifier within the booking.",
            "type": "string",
			"minLength": 16,
			"maxLength": 16
          },
          "associatedPassenger": {
            "description": "associated passenger represents the adult passenger associated with an infant.",
            "type": "object",
            "properties": {
              "identifier": {
                "type": "string",
                "description": "Associated passenger's unique identifier in the booking",
				"minLength": 16,
				"maxLength": 16
              }
            },
            "additionalProperties": true,
            "required": [
              "identifier"
            ]
          },
          "type": {
            "enum": [
              "INFANT",
              "CHILD",
              "ADULT"
            ],
            "description": "Passenger type\n- Infant : Infant does not have independent seat\n- Adult : Regular traveller\n- Child : Non-Adult traveller, a minor with his/her own seperate seat\n",
            "type": "string"
          },
          "emergencyContact": {
            "properties": {
              "isDeclined": {
                "type": "boolean",
                "description": "If passenger declined to provide emergency contact details"
              },
              "person": {
                "description": "The personal details of the passenger.",
                "properties": {
                  "personName": {
                    "properties": {
                      "title": {
                        "type": "string",
                        "description": "Title of the person - Mr Mrs etc..",
						"minLength": 1,
						"maxLength": 70
                      },
                      "firstName": {
                        "type": "string",
                        "description": "Person's first name or given name.",
						"minLength": 1,
						"maxLength": 64
                      },
                      "middleName": {
                        "description": "Person's middle name.",
                        "type": "string",
						"minLength": 1,
						"maxLength": 70
                      },
                      "familyName": {
                        "description": "Person's last name.",
                        "type": "string",
						"minLength": 1,
						"maxLength": 64
                      },
                      "secondFamilyName": {
                        "description": "Person's second last name.",
                        "type": "string",
						"minLength": 1,
						"maxLength": 70
                      }
                    },
                    "type": "object",
                    "additionalProperties": true,
                    "description": "The name of the passenger.",
                    "required": [
                      "firstName",
                      "familyName"
                    ]
                  },
                  "telecomAddresses": {
                    "type": "array",
                    "items": {
                      "properties": {
                        "number": {
                          "description": "The phone number. The total length of combination of the countryDiallingCode, area code and the number cannot exceed 20 characters. Numeric only.",
                          "type": "string",
						  "minLength": 1,
						  "maxLength": 25
                        },
                        "areaCode": {
                          "description": "The area code of the telephone number. The total length of combination of the countryDiallingCode, area code and the number cannot exceed 20 characters. Numeric only.",
                          "type": "string",
						  "minLength": 1,
						  "maxLength": 20
                        },
                        "countryDiallingCode": {
                          "description": "The direct dialling code required to call the telecom address from another country. Also referred to as the International Subscriber Dialling (ISD) code. This value is not prefixed with leading zeros or a plus (+), for example, UK telephone numbers will have a country code value of 44. If the country dialling code is not present then the countryCode is used for validating the telecom address.",
                          "type": "string",
						  "minLength": 1,
						  "maxLength": 10
                        }
                      },
                      "type": "object",
                      "additionalProperties": true,
                      "required": [
                        "number"
                      ]
                    }
                  },
                  "postalAddresses": {
                    "type": "array",
                    "items": {
                      "description": "The postal address of the passenger.",
                      "properties": {
                        "addressLines": {
                          "type": "array",
                          "description": "An array of string values, each of which represents a line of the postal address, excluding postcode and country.\nFor countries where postcode is not mandatory, at least two lines of address should be provided. For countries where postcode is mandatory, at least one line of address should be provided.\nThere should not be a comma ',' at the end of each address line.\nThe request should follow JSON format for providing multiple address lines.Maximum length will be 4. And can include spaces, hyphens, forward/back slash, apostrophe, exclamation, full stops, commas (but not at the end of a line) but no other special characters.\n",
                          "items": {
                            "type": "string",
						  "minLength": 1,
						  "maxLength": 35
                          }
                        },
                        "postCode": {
                          "description": "Is a alphanumeric value including spaces or punctuation, included in a postal address for the purpose of sorting mail. Also known as postal code, Eircode, PIN Code or ZIP Code.\ne.g In the UK - RG5 3LG, SW1A 1AA, In the US - 005011001 etc.\n",
                          "type": "string",
						  "minLength": 1,
						  "maxLength": 35
                        },
                        "city": {
                          "type": "string",
                          "description": "Name of the City. Value is the full name of the city and can include spaces but no other special characters.\nFor example - Cape Town, London, New York, New Delhi.\n",
						  "minLength": 1,
						  "maxLength": 35
                        },
                        "county": {
                          "type": "string",
                          "description": "Name of the County in the state/country. Value is the full name of the county and can include spaces but no other special characters.\nFor example - West Sussex, West Lothian, Berkshire.\n",
						  "minLength": 1,
						  "maxLength": 35
                        },
                        "state": {
                          "description": "Name of the State in the country. Value is the full name of the state and can include spaces but no other special characters.\nFor example -New Jersey, Ohio, Uttar Pradesh.\n",
                          "type": "string",
						  "minLength": 1,
						  "maxLength": 35
                        },
                        "country": {
                          "description": "ISO 3166-1 code for the country in the address. Is a 2 letter code specific to a country.e.g. GB, ES, IN etc.",
                          "type": "string",
						  "minLength": 1,
						  "maxLength": 3
                        }
                      },
                      "type": "object",
                      "additionalProperties": true,
                      "required": [
                        "addressLines",
                        "country"
                      ]
                    }
                  },
                  "countryOfResidence": {
                    "description": "ISO 3166-1 code for the country. Is a 2 letter code specific to a country.e.g. GB, ES etc.",
                    "properties": {
                      "type": {
                        "description": "COUNTY, COUNTRY of the area/region.",
                        "type": "string",
						  "minLength": 1,
						  "maxLength": 35
                      },
                      "identifier": {
                        "description": "Identifier of the region/area.",
                        "type": "string",
						"minLength": 1,
						"maxLength": 3
                      }
                    },
                    "type": "object",
                    "additionalProperties": true,
                    "required": [
                      "type",
                      "identifier"
                    ]
                  }
                },
                "type": "object",
                "additionalProperties": true,
                "required": [
                  "personName",
                  "countryOfResidence",
                  "telecomAddresses"
                ]
              }
            },
            "type": "object",
            "additionalProperties": true,
            "description": "emergency contact number for the passenger",
            "required": [
              "isDeclined",
			  "person"
            ]
          },
          "person": {
            "description": "The personal details of the passenger.",
            "properties": {
              "personName": {
                "properties": {
                  "title": {
                    "type": "string",
                    "description": "Title of the person - Mr Mrs etc..",
					"minLength": 1,
			        "maxLength": 70
                  },
                  "firstName": {
                    "type": "string",
                    "description": "Person's first name or given name.",
					"minLength": 1,
				    "maxLength": 30
                  },
                  "middleName": {
                    "description": "Person's middle name.",
                    "type": "string",
				    "minLength": 1,
				    "maxLength": 30
                  },
                  "familyName": {
                    "description": "Person's last name.",
                    "type": "string",
				    "minLength": 1,
				    "maxLength": 30
                  },
                  "secondFamilyName": {
                    "description": "Person's second last name.",
                    "type": "string",
				    "minLength": 1,
				    "maxLength": 30
                  }
                },
                "type": "object",
                "additionalProperties": true,
                "description": "The name of the passenger.",
                "required": [
                  "firstName",
                  "familyName"
                ]
              },
              "dateOfBirth": {
                "description": "Date of birth of the Person. Format is YYYY-MM-DD, ISO-8601 Calendar date format.",
                "type": "string",
                "pattern": "^(\\d{4})-(\\d{2})-(\\d{2})$"
              },
              "gender": {
                "description": "Values MALE, FEMALE, NOT_SPECIFIED, UNKNOWN",
                "type": "string",
				"minLength": 1,
				"maxLength": 20
              },
              "nationality": {
                "properties": {
                  "type": {
                    "description": "COUNTY, COUNTRY of the area/region.",
                    "type": "string",
					"minLength": 1,
					"maxLength": 35
                  },
                  "identifier": {
                    "description": "ISO 3166-1 code for the country. Is a 2 letter code specific to a country.e.g. GB, ES, IN etc.",
                    "type": "string",
					"minLength": 1,
					"maxLength": 3
                  }
                },
                "type": "object",
                "additionalProperties": true,
                "required": [
                  "type",
                  "identifier"
                ]
              },
              "registered-identifiers": {
                "type": "array",
                "items": {
                  "description": "List of passenger's identification documents.",
                  "properties": {
                    "person": {
                      "description": "The personal details of the passenger.",
                      "properties": {
                        "personName": {
                          "properties": {
                            "title": {
                              "type": "string",
                              "description": "Title of the person - Mr Mrs etc..",
							  "minLength": 1,
							  "maxLength": 70
                            },
                            "firstName": {
                              "type": "string",
                              "description": "Person's first name or given name.",
							  "minLength": 1,
							  "maxLength": 70
                            },
                            "middleName": {
                              "description": "Person's middle name.",
                              "type": "string",
							  "minLength": 1,
							  "maxLength": 70
                            },
                            "familyName": {
                              "description": "Person's last name.",
                              "type": "string",
							  "minLength": 1,
							  "maxLength": 70
                            },
                            "secondFamilyName": {
                              "description": "Person's second last name.",
                              "type": "string",
							  "minLength": 1,
							  "maxLength": 70
                            }
                          },
                          "type": "object",
                          "additionalProperties": true,
                          "description": "The name of the passenger.",
                          "required": [
                            "firstName",
                            "familyName"
                          ]
                        }
                      },
                      "type": "object",
                      "additionalProperties": true,
                      "required": [
                        "personName"
                      ]
                    },
                    "type": {
                      "description": "The type of the identifier. Could be any of the following values. PASSPORT, NATIONAL_IDENTITY_CARD, DRIVING_LICENSE, NATIONAL_INSURANCE_CARD, VISA",
                      "type": "string",
				      "minLength": 1,
					  "maxLength": 30
                    },
					"countryOfResidence": {
                    "description": "ISO 3166-1 code for the country. Is a 2 letter code specific to a country.e.g. GB, ES etc.",
                    "properties": {
                      "type": {
                        "description": "COUNTY, COUNTRY of the area/region.",
                        "type": "string",
						  "minLength": 1,
						  "maxLength": 35
                      },
                      "identifier": {
                        "description": "Identifier of the region/area.",
                        "type": "string",
						"minLength": 1,
						"maxLength": 3
                      }
                    },
                    "type": "object",
                    "additionalProperties": true,
                    "required": [
                      "type",
                      "identifier"
                    ]
                    },
                    "areaOfApplicability": {
                      "description": "The region/area where this identifier is valid.",
                      "properties": {
                        "type": {
                          "description": "COUNTY, COUNTRY of the area/region.",
                          "type": "string",
						  "minLength": 1,
					      "maxLength": 35
                        },
                        "identifier": {
                          "description": "Identifier of the region/area.",
                          "type": "string",
						  "minLength": 1,
					      "maxLength": 3
                        }
                      },
                      "type": "object",
                      "additionalProperties": true,
                      "required": [
                        "type",
                        "identifier"
                      ]
                    },
                    "token": {
                      "description": "Unique identifier if provided is the most important property of identifierType, identifierId, identifierNo together with identifierSecretNo.",
                      "type": "string",
				      "minLength": 1,
					  "maxLength": 35
                    },
                    "placeOfIssue": {
                      "description": "The place where this identifier was issued.",
                      "properties": {
                        "type": {
                          "description": "Type of the place of issue.",
                          "type": "string",
						  "minLength": 1,
					      "maxLength": 10
                        },
                        "identifier": {
                          "description": "Identifier of the place of issue.",
                          "type": "string",
						  "minLength": 1,
					      "maxLength": 25
                        }
                      },
                      "type": "object",
                      "additionalProperties": true,
                      "required": [
                        "type",
                        "identifier"
                      ]
                    },
                    "expiryDate": {
                      "description": "Document expiry date. Format is YYYY-MM-DD, ISO-8601 Calendar date format.",
                      "type": "string",
                      "pattern": "^(\\d{4})-(\\d{2})-(\\d{2})$"
                    }
                  },
                  "type": "object",
                  "additionalProperties": true,
                  "required": [
                   "type",
                   "person"
                  ]
                }
              }
            },
            "type": "object",
            "additionalProperties": true,
            "required": [
               
            ]
          },
          "dangerousGoods": {
            "description": "Dangerous goods information.",
            "properties": {
              "isPresented": {
                "description": "The value represent, whether dangerous goods screen has been presented to the passenegr or not. If value is true then the dangerous goods screen has been presented, if value is false then the dangerous goods screen has not been presented.",
                "type": "boolean"
              },
              "isConfirmed": {
                "description": "The value represent, whether the passenger has provided the response to dangerous goods screen or not. If value is true then passeneger has provided the response to dangerous goods screen, if value is false then passenger has not provided the response to dangerous goods screen.",
                "type": "boolean"
              }
            },
            "type": "object",
            "additionalProperties": true,
            "required": [
              "isPresented",
              "isConfirmed"
            ]
          },
          "itinerary": {
            "properties": {
              "eticket": {
                "description": "An eticket is electronic ticket and digital ticket equivalent of a paper ticket.",
                "properties": {
                  "identifier": {
                    "type": "string",
                    "description": "unique identifier of the e-ticket",
					"minLength": 1,
					"maxLength": 14
                  }
                },
                "type": "object",
                "additionalProperties": true,
                "required": [
                  "identifier"
                ]
              },
              "itinerary-items": {
                "type": "array",
                "items": {
                  "properties": {
                    "identifier": {
                      "type": "string",
					  "minLength": 16,
					  "maxLength": 16
                    },
                    "status": {
                      "description": "Status of the itinerary\n- CONFIRMED : Itinerary is confirmed\n- UNCONFIRMED : The itinerary is not confirmed\n",
                      "enum": [
                        "CONFIRMED",
                        "UNCONFIRMED"
                      ],
                      "type": "string"
                    },
                    "carriers": {
                      "type": "array",
                      "description": "list of carrier which form part of the itinerary",
                      "items": {
                        "properties": {
                          "code": {
                            "type": "string",
                            "description": "Carrier identifier code. For example BA",
							"minLength": 1,
							"maxLength": 3
                          },
                          "type": {
                            "enum": [
                              "OPERATING",
                              "MARKETING"
                            ],
                            "description": "If the flight represents\n- OPERATING : The airline which operates the airport\n- MARKETING : The marketed flight number by the airline. A different airline operates the actual flight under an operating flight number\n",
                            "type": "string"
                          },
                          "flightNumber": {
                            "type": "string",
                            "description": "Unique identifier for flight between two airports",
							"minLength": 1,
							"maxLength": 4
                          }
                        },
                        "type": "object",
                        "additionalProperties": true,
                        "required": [
                          "code",
                          "type",
                          "flightNumber"
                        ]
                      }
                    },
                    "origin": {
                      "properties": {
                        "identifier": {
                          "description": "An IATA airport code, also known as an IATA location identifier, IATA station code or simply a location identifier, is a three-letter code designating many airports around the world, defined by the International Air Transport Association (IATA). The characters prominently displayed on baggage tags attached at airport check-in desks are an example of a way these codes are used.",
                          "type": "string",
						  "minLength": 1,
					      "maxLength": 5
                        },
                        "terminal": {
                          "description": "An airport terminal is a building at an airport where passengers transfer between ground transportation and the facilities that allow them to board and disembark from aircraft. Within the terminal, passengers purchase tickets, transfer their luggage, and go through security.",
                          "type": "string",
						  "minLength": 1,
					      "maxLength": 3
                        },
                        "gate": {
                          "description": "A gate, is an area of an airport that provides a waiting area for passengers before boarding their flight.",
                          "properties": {
                            "number": {
                              "type": "string",
							  "minLength": 1,
					          "maxLength": 5
                            }
                          },
                          "type": "object",
                          "additionalProperties": true,
                          "required": [
                            "number"
                          ]
                        }
                      },
                      "type": "object",
                      "additionalProperties": true,
                      "required": [
                        "identifier"
                      ]
                    },
                    "destination": {
                      "properties": {
                        "identifier": {
                          "description": "An IATA airport code, also known as an IATA location identifier, IATA station code or simply a location identifier, is a three-letter code designating many airports around the world, defined by the International Air Transport Association (IATA). The characters prominently displayed on baggage tags attached at airport check-in desks are an example of a way these codes are used.",
                          "type": "string",
						  "minLength": 1,
					      "maxLength": 5
                        },
                        "terminal": {
                          "description": "An airport terminal is a building at an airport where passengers transfer between ground transportation and the facilities that allow them to board and disembark from aircraft. Within the terminal, passengers purchase tickets, transfer their luggage, and go through security.",
                          "type": "string",
						  "minLength": 1,
					      "maxLength": 3
                        },
                        "gate": {
                          "description": "A gate, is an area of an airport that provides a waiting area for passengers before boarding their flight.",
                          "properties": {
                            "number": {
                              "type": "string",
							  "minLength": 1,
					          "maxLength": 5
                            }
                          },
                          "type": "object",
                          "additionalProperties": true,
                          "required": [
                            "number"
                          ]
                        }
                      },
                      "type": "object",
                      "additionalProperties": true,
                      "required": [
                        "identifier"
                      ]
                    },
                    "scheduledDepartureLocalDatetime": {
                      "description": "Scheduled departure local date and time of flight. Format yyyy-mm-ddThh:mm:ss.ffffff, ISO-8601 calendar date format.",
                      "type": "string",
                      "pattern": "^(\\d{4})-(\\d{2})-(\\d{2})T(\\d{2})(:)(\\d{2})(:)(\\d{2})(\\.\\d+)?$"
                    },
                    "scheduledArrivalLocalDatetime": {
                      "description": "Scheduled Arrival local date and time of flight. Format yyyy-mm-ddThh:mm:ss.ffffff, ISO-8601 calendar date format.",
                      "type": "string",
                      "pattern": "^(\\d{4})-(\\d{2})-(\\d{2})T(\\d{2})(:)(\\d{2})(:)(\\d{2})(\\.\\d+)?$"
                    },
                    "destinationAddress": {
                      "description": "The postal address of the passenger.",
                      "properties": {
                        "addressLines": {
                          "type": "array",
                          "description": "An array of string values, each of which represents a line of the postal address, excluding postcode and country.\nFor countries where postcode is not mandatory, at least two lines of address should be provided. For countries where postcode is mandatory, at least one line of address should be provided.\nThere should not be a comma ',' at the end of each address line.\nThe request should follow JSON format for providing multiple address lines.Maximum length will be 4. And can include spaces, hyphens, forward/back slash, apostrophe, exclamation, full stops, commas (but not at the end of a line) but no other special characters.\n",
                          "items": {
                            "type": "string",
							"minLength": 1,
					        "maxLength": 35
                          }
                        },
                        "postCode": {
                          "description": "Is a alphanumeric value including spaces or punctuation, included in a postal address for the purpose of sorting mail. Also known as postal code, Eircode, PIN Code or ZIP Code.\ne.g In the UK - RG5 3LG, SW1A 1AA, In the US - 005011001 etc.\n",
                          "type": "string",
						  "minLength": 1,
					      "maxLength": 17
                        },
                        "city": {
                          "type": "string",
                          "description": "Name of the City. Value is the full name of the city and can include spaces but no other special characters.\nFor example - Cape Town, London, New York, New Delhi.\n",
						  "minLength": 1,
					      "maxLength": 35
                        },
                        "county": {
                          "type": "string",
                          "description": "Name of the County in the state/country. Value is the full name of the county and can include spaces but no other special characters.\nFor example - West Sussex, West Lothian, Berkshire.\n",
						  "minLength": 1,
					      "maxLength": 35
                        },
                        "state": {
                          "description": "Name of the State in the country. Value is the full name of the state and can include spaces but no other special characters.\nFor example -New Jersey, Ohio, Uttar Pradesh.\n",
                          "type": "string",
						  "minLength": 1,
					      "maxLength": 9
                        },
                        "country": {
                          "description": "ISO 3166-1 code for the country in the address. Is a 2 letter code specific to a country.e.g. GB, ES, IN etc.",
                          "type": "string",
						  "minLength": 1,
					      "maxLength": 3
                        }
                      },
                      "type": "object",
                      "additionalProperties": true,
                      "required": [
                        "addressLines",
                        "country"
                      ]
                    },
                    "seat": {
                      "properties": {
                        "number": {
                          "type": "string",
						  "minLength": 1,
					      "maxLength": 10
                        }
                      },
                      "type": "object",
                      "additionalProperties": true,
                      "required": [
                        "number"
                      ]
                    },
                    "passengerStatus": {
                      "enum": [
                        "CHECKEDIN",
                        "NOTCHECKEDIN",
                        "STANDBY"
                      ],
                      "description": "Passenger's status for flight boarding\n- CHECKEDIN : Passenger is accepted to board on to the specific flight\n- NOTCHECKEDIN : Passenger is not-accepted for boarding\n- STANDBY : Passenger is currently on standy, and can only board if accepted.\n",
                      "type": "string"
                    },
                    "eligibilities": {
                      "type": "array",
                      "items": {
                        "properties": {
                          "code": {
                            "type": "string"
                          },
                          "description": {
                            "type": "string"
                          }
                        },
                        "type": "object",
                        "additionalProperties": true,
                        "required": [
                          "code",
                          "description"
                        ]
                      }
                    }
                  },
                  "type": "object",
                  "additionalProperties": true,
                  "required": [
                     "identifier",
                     "carriers",
                     "origin",
                     "destination",
                     "scheduledDepartureLocalDatetime",
                    "scheduledArrivalLocalDatetime",
                     "destinationAddress"
                  ]
                }
              }
            },
            "type": "object",
            "additionalProperties": true,
            "description": "A travel itinerary is a schedule of events relating to planned travel, generally including destinations to be visited at specified times and means of transportation to move between those destinations.",
            "required": [
              "itinerary-items"
            ]
          }
        },
        "additionalProperties": true,
        "required": [
         
        ]
    
}
