{
  "properties": {
    "passengers": {
      "type": "array",
      "items": {
        "properties": {
          "identifier": {
            "description": "The passenger's unique identifier within the booking.",
            "type": "string"
          },
          "itinerary": {
            "properties": {
              "itinerary-items": {
                "type": "array",
                "items": {
                  "properties": {
                    "identifier": {
                      "type": "string",
					  "minLength": 16,
					  "maxLength": 16
                    },
                    "carriers": {
                      "type": "array",
                      "description": "list of carrier which form part of the itinerary",
                      "items": {
                        "properties": {
                          "code": {
                            "type": "string",
                            "description": "Carrier identifier code. For example BA",
							"minLength": 1,
							"maxLength": 3
                          },
                          "type": {
                            "enum": [
                              "OPERATING",
                              "MARKETING"
                            ],
                            "description": "If the flight represents\n- OPERATING : The airline which operates the airport\n- MARKETING : The marketed flight number by the airline. A different airline operates the actual flight under an operating flight number\n",
                            "type": "string"
                          },
                          "flightNumber": {
                            "type": "string",
                            "description": "Unique identifier for flight between two airports",
							"minLength": 1,
							"maxLength": 4
                          },
                          "operationalSuffix": {
                            "type": "string",
                            "description": "Operational Suffix"
                          }
                        },
                        "type": "object",
                        "additionalProperties": true,
                        "required": [
                          "code",
                          "type",
                          "flightNumber"
                        ]
                      }
                    },
                    "origin": {
                      "properties": {
                        "identifier": {
                          "description": "An IATA airport code, also known as an IATA location identifier, IATA station code or simply a location identifier, is a three-letter code designating many airports around the world, defined by the International Air Transport Association (IATA). The characters prominently displayed on baggage tags attached at airport check-in desks are an example of a way these codes are used.",
                          "type": "string",
						  "minLength": 1,
					      "maxLength": 5
                        }
                      },
                      "type": "object",
                      "additionalProperties": true,
                      "required": [
                        "identifier"
                      ]
                    },
                    "destination": {
                      "properties": {
                        "identifier": {
                          "description": "An IATA airport code, also known as an IATA location identifier, IATA station code or simply a location identifier, is a three-letter code designating many airports around the world, defined by the International Air Transport Association (IATA). The characters prominently displayed on baggage tags attached at airport check-in desks are an example of a way these codes are used.",
                          "type": "string",
						  "minLength": 1,
					      "maxLength": 5
                        }
                      },
                      "type": "object",
                      "additionalProperties": true,
                      "required": [
                        "identifier"
                      ]
                    },
                    "scheduledDepartureLocalDatetime": {
                      "description": "Scheduled departure local date and time of flight. Format yyyy-mm-ddThh:mm:ss.ffffff, ISO-8601 calendar date format.",
                      "type": "string",
                      "pattern": "^(\\d{4})-(\\d{2})-(\\d{2})T(\\d{2})(:)(\\d{2})(:)(\\d{2})(\\.\\d+)?$"
                    },
                    "scheduledArrivalLocalDatetime": {
                      "description": "Scheduled Arrival local date and time of flight. Format yyyy-mm-ddThh:mm:ss.ffffff, ISO-8601 calendar date format.",
                      "type": "string",
                      "pattern": "^(\\d{4})-(\\d{2})-(\\d{2})T(\\d{2})(:)(\\d{2})(:)(\\d{2})(\\.\\d+)?$"
                    }
                  },
                  "type": "object",
                  "additionalProperties": true,
                  "required": [
                    "identifier",
                    "carriers",
                    "origin",
                    "destination",
                    "scheduledDepartureLocalDatetime",
                    "scheduledArrivalLocalDatetime"
                  ]
                }
              }
            },
            "type": "object",
            "additionalProperties": true,
            "description": "A travel itinerary is a schedule of events relating to planned travel, generally including destinations to be visited at specified times and means of transportation to move between those destinations.",
            "required": [
              "itinerary-items"
            ]
          }
        },
        "type": "object",
        "additionalProperties": true,
        "required": [
          "identifier"
        ]
      }
    },
    "documentType": {
      "description": "Type of document\n- BOARDING_PASS : Passenger's boarding pass required for flight boarding\n- BAG_TAG : Baggage tag applied to passengers check-in baggage\n- VOUCHER : Voucher issue to passeneger during disruption.\n- ITINERARY : Travel itinerary of the passegers..\n",
      "enum": [
        "BOARDING_PASS",
        "BAG_TAG",
        "VOUCHER",
        "ITINERARY"
      ],
      "type": "string"
    }
  },
  "type": "object",
  "additionalProperties": true,
  "required": [
    "passengers",
    "documentType"
  ],
  "$schema": "http://json-schema.org/draft-06/schema#"
}