<?xml version="1.0" encoding="UTF-8"?>
<beans xmlns="http://www.springframework.org/schema/beans"
	xmlns:xsi="http://www.w3.org/2001/XMLSchema-instance" xmlns:context="http://www.springframework.org/schema/context"
	xmlns:mvc="http://www.springframework.org/schema/mvc"
	xsi:schemaLocation="http://www.springframework.org/schema/beans http://www.springframework.org/schema/beans/spring-beans.xsd
		 http://www.springframework.org/schema/context http://www.springframework.org/schema/context/spring-context.xsd
   			http://www.springframework.org/schema/mvc http://www.springframework.org/schema/mvc/spring-mvc-3.0.xsd">

	<import resource="context-common.xml" />

	
	<bean id="baseLoadJob"
		class="org.springframework.scheduling.quartz.MethodInvokingJobDetailFactoryBean">
		<property name="targetObject" ref="baseLoadScheduler" />
		<property name="targetMethod" value="performTask" />
	</bean>
	
	<bean id="baseLoadScheduler" class="com.vtl.obs.schedulers.BaseUploadScheduler">
		<property name="fileService" ref="fileService" />
		<property name="fileConfig" ref="fileConfig" />
	</bean>
	
	<bean id="baseLoadCronTrigger" class="org.springframework.scheduling.quartz.CronTriggerBean">
		<property name="jobDetail" ref="baseLoadJob" />
		<property name="cronExpression" value="${CRON_SCHEDULER_BASE_UPLOAD_CACHE}" />
	</bean>
		
	<bean class="org.springframework.scheduling.quartz.SchedulerFactoryBean">
		<property name="jobDetails">
			<list>
				<ref bean="baseLoadJob" />
			</list>
		</property>

		<property name="triggers">
			<list>
				<ref bean="baseLoadCronTrigger" />
			</list>
		</property>
	</bean>

	<bean id="jsch" class="com.jcraft.jsch.JSch" scope="singleton" />

	<!--
	<bean id="fileService" class="com.vtl.obs.servicesImpl.FileService">
		<property name="fileConfig" ref="fileConfig" />
		<property name="fileDao" ref="fileDao" />
		<property name="rechargeWalletInterfaceService" ref="rechargeWalletInterfaceService" />
		<property name="isInteractFusionMiddlewareSystemService" value="${IS_INTERACT_FusionMiddlewareSystem_SERVICE}" />
	</bean>

	<bean id="fileDao" class="com.vtl.obs.daoImpl.FileDao" scope="singleton">
		<property name="dataSource" ref="rechargeWalletDataSource" />
	</bean>
	-->

</beans>