<?xml version="1.0" encoding="UTF-8" ?>  
<!DOCTYPE tiles-definitions PUBLIC  
      "-//Apache Software Foundation//DTD Tiles Configuration 3.0//EN"  
      "http://tiles.apache.org/dtds/tiles-config_3_0.dtd">
<tiles-definitions>
	<!-- Base Define -->
	<definition name="base.definition" template="/WEB-INF/layouts/classic.jsp">
		<put-attribute name="title" value="" />
		<put-attribute name="header"
			value="/WEB-INF/basefragments/loginHeaderLayout.jsp" />
		<put-attribute name="menu" value="" />
		<put-attribute name="body" value="" />
		<put-attribute name="footer"
			value="/WEB-INF/basefragments/loginFooterLayout.jsp" />
	</definition>

	<!-- Home Page-->
	<definition name="login" extends="base.definition">
		<put-attribute name="title" value="OBS Login" />
		<put-attribute name="body" value="/WEB-INF/bodyfragments/login.jsp" />
	</definition>

	<!-- ContactUs Page -->
	<definition name="home" extends="base.definition">
		<put-attribute name="title" value="Welcome! Admin" />
		<put-attribute name="menu" value="/WEB-INF/bodyfragments/menu.jsp" />
		 <put-attribute name="body" value="/WEB-INF/bodyfragments/home.jsp" 
			/> 
	</definition>



	<definition name="contactUs" extends="base.definition">
		<put-attribute name="title" value="Welcome! Admin" />
		<put-attribute name="menu" value="/WEB-INF/bodyfragments/menu.jsp" />
		 <put-attribute name="body" value="/WEB-INF/bodyfragments/home.jsp" 
			/> 
	</definition>
	
	<definition name="createBid" extends="base.definition">
		<put-attribute name="title" value="Bids Creation" />
		<put-attribute name="menu" value="/WEB-INF/bodyfragments/menu.jsp" />
		<put-attribute name="body"
			value="/WEB-INF/bodyfragments/createBids.jsp" />
	</definition>

	
<definition name="incorrectUserIdPassword" extends="base.definition">
		<put-attribute name="title" value="OBS Login" />
		<put-attribute name="body" value="/WEB-INF/bodyfragments/login.jsp" />
	</definition>
	
	<definition name="forgotPasswordSucc" extends="base.definition">
		<put-attribute name="title" value="forgotPassword Page" />
		<!-- <put-attribute name="menu" value="/WEB-INF/bodyfragments/menu.jsp" /> -->
		<!-- <put-attribute name="body" value="/WEB-INF/bodyfragments/index.jsp" /> -->
		<!--  <put-attribute name="body" value="/WEB-INF/bodyfragments/forgotPassword.jsp" /> -->
		<put-attribute name="body" value="/WEB-INF/bodyfragments/forgotPassword.jsp" />
	</definition>
	
	
	<definition name="createUsers" extends="base.definition">
		<put-attribute name="title" value="Bids Creation" />
		<put-attribute name="menu" value="/WEB-INF/bodyfragments/menu.jsp" />
		<!-- <put-attribute name="body" value="/WEB-INF/bodyfragments/index.jsp" /> -->
		 <put-attribute name="body" value="/WEB-INF/bodyfragments/createVendor.jsp" />
	</definition>
	<definition name="openBid" extends="base.definition">
		<put-attribute name="title" value="Open Bids" />
		<put-attribute name="menu" value="/WEB-INF/bodyfragments/menu.jsp" />
		<put-attribute name="body"
			value="/WEB-INF/bodyfragments/openBid.jsp" />
	</definition>
	
	
	
	<definition name="openBidUser" extends="base.definition">
		<put-attribute name="title" value="Open Users" />
		<put-attribute name="menu" value="/WEB-INF/bodyfragments/menu.jsp" />
		<put-attribute name="body"
			value="/WEB-INF/bodyfragments/openBidUser.jsp" />
	</definition>
	
	
	
	<definition name="openUserBid" extends="base.definition">
		<put-attribute name="title" value="Open Bids" />
		<put-attribute name="menu" value="/WEB-INF/bodyfragments/menu.jsp" />
		<put-attribute name="body"
			value="/WEB-INF/bodyfragments/openUserBid.jsp" />
	</definition>
	
	<definition name="openbid" extends="base.definition">
		<put-attribute name="title" value="Open Bids" />
		<put-attribute name="menu" value="/WEB-INF/bodyfragments/menu.jsp" />
		<put-attribute name="body" value="/WEB-INF/bodyfragments/openBid.jsp" />
	</definition>
	<definition name="closedBid" extends="base.definition">
		<put-attribute name="title" value="Open Bids" />
		<put-attribute name="menu" value="/WEB-INF/bodyfragments/menu.jsp" />
		<put-attribute name="body"
			value="/WEB-INF/bodyfragments/closedBid.jsp" />
	</definition>
	<definition name="closedbid" extends="base.definition">
		<put-attribute name="title" value="Open Bids" />
		<put-attribute name="menu" value="/WEB-INF/bodyfragments/menu.jsp" />
		<put-attribute name="body" value="/WEB-INF/bodyfragments/closedBid.jsp" />
	</definition>
	
	<definition name="userBidPending" extends="base.definition">
		<put-attribute name="title" value="Open Bids" />
		<put-attribute name="menu" value="/WEB-INF/bodyfragments/menu.jsp" />
		<put-attribute name="body"
			value="/WEB-INF/bodyfragments/userBidPending.jsp" />
	</definition>
<definition name="userAppliedBidHistory" extends="base.definition">
		<put-attribute name="title" value="Open Bids" />
		<put-attribute name="menu" value="/WEB-INF/bodyfragments/menu.jsp" />
		<put-attribute name="body"
			value="/WEB-INF/bodyfragments/userAppliedBidHistory.jsp" />
	</definition>


	<definition name="userClosedBidHistory" extends="base.definition">
		<put-attribute name="title" value="Open Bids" />
		<put-attribute name="menu" value="/WEB-INF/bodyfragments/menu.jsp" />
		<put-attribute name="body"
			value="/WEB-INF/bodyfragments/userClosedBidHistory.jsp" />
	</definition>
	
	<definition name="userExitBidHistory" extends="base.definition">
		<put-attribute name="title" value="Open Bids" />
		<put-attribute name="menu" value="/WEB-INF/bodyfragments/menu.jsp" />
		<put-attribute name="body"
			value="/WEB-INF/bodyfragments/userExitBidHistory.jsp" />
	</definition>

	<definition name="userDetails" extends="base.definition">
		<put-attribute name="title" value="Bids Creation" />
		<put-attribute name="menu" value="/WEB-INF/bodyfragments/menu.jsp" />
		<put-attribute name="body"
			value="/WEB-INF/bodyfragments/userDetails.jsp" />
	</definition>
	
	<definition name="bidDetails" extends="base.definition">
		<put-attribute name="title" value="Bids Creation" />
		<put-attribute name="menu" value="/WEB-INF/bodyfragments/menu.jsp" />
		<put-attribute name="body"
			value="/WEB-INF/bodyfragments/bidDetails.jsp" />
	</definition>	
	
	
	<definition name="userManage" extends="base.definition">
		<put-attribute name="title" value="User Management" />
		<put-attribute name="menu" value="/WEB-INF/bodyfragments/menu.jsp" />
		<!-- <put-attribute name="body" value="/WEB-INF/bodyfragments/index.jsp" /> -->
		 <put-attribute name="body" value="/WEB-INF/bodyfragments/userManage.jsp" />
	</definition>
	
	<definition name="updateUser" extends="base.definition">
		<put-attribute name="title" value="User Update Management" />
		<put-attribute name="menu" value="/WEB-INF/bodyfragments/menu.jsp" />
		<put-attribute name="body" value="/WEB-INF/bodyfragments/updateUser.jsp" />
	</definition>
	
	
	<definition name="changeAdminPassword" extends="base.definition">
		<put-attribute name="title" value="Change Admin Password " />
		<put-attribute name="menu" value="/WEB-INF/bodyfragments/menu.jsp" />
		<put-attribute name="body" value="/WEB-INF/bodyfragments/changeAdminPassword.jsp" />
	</definition>
	
	
	<definition name="updateBid" extends="base.definition">
		<put-attribute name="title" value="Bid Update Management" />
		<put-attribute name="menu" value="/WEB-INF/bodyfragments/menu.jsp" />
		<put-attribute name="body" value="/WEB-INF/bodyfragments/updateBid.jsp" />
	</definition>
	
	<definition name="updateBidHistory" extends="base.definition">
		<put-attribute name="title" value="Bid Update Management" />
		<put-attribute name="menu" value="/WEB-INF/bodyfragments/menu.jsp" />
		<put-attribute name="body" value="/WEB-INF/bodyfragments/updateBidHistory.jsp" />
	</definition>
	
	<definition name="deleteUser" extends="base.definition">
		<put-attribute name="title" value="User Delete Management" />
		<put-attribute name="menu" value="/WEB-INF/bodyfragments/menu.jsp" />
		<put-attribute name="body" value="/WEB-INF/bodyfragments/userDetails.jsp" />
	</definition>
	
	<definition name="deleteBid" extends="base.definition">
		<put-attribute name="title" value="Bid Delete Management" />
		<put-attribute name="menu" value="/WEB-INF/bodyfragments/menu.jsp" />
		<put-attribute name="body" value="/WEB-INF/bodyfragments/bidDetails.jsp" />
	</definition>
	
	<definition name="applyBid" extends="base.definition">
		<put-attribute name="title" value="Bid Update Management" />
		<put-attribute name="menu" value="/WEB-INF/bodyfragments/menu.jsp" />
		<put-attribute name="body" value="/WEB-INF/bodyfragments/applyBid.jsp" />
	</definition>
	
	
<!-- End Bids -->
	<definition name="error/GenericError" extends="base.definition">
		<put-attribute name="title" value="Create umfBulkMessage" />
		<put-attribute name="menu" value="/WEB-INF/bodyfragments/menu.jsp" />
		<put-attribute name="body" value="/WEB-INF/error/GenericError.jsp" />
	</definition>


	<!-- End umfMessage -->

</tiles-definitions>