<?xml version="1.0" encoding="UTF-8"?>
<configuration>
	<include resource="org/springframework/boot/logging/logback/base.xml"/>
	<appender name="STDOUT" class="ch.qos.logback.core.ConsoleAppender">
        <encoder>
            <pattern>%d{yyyy-MM-dd HH:mm:ss.SSS} %5p ${hostName}--[%10.10t] %-40.40c{1.} : %m%n%ex</pattern>
        </encoder>
    </appender>
	<appender name="SAVE-TO-FILE" class="ch.qos.logback.core.rolling.RollingFileAppender">
	    <file>logs/translator.log</file>
	    <encoder class="ch.qos.logback.classic.encoder.PatternLayoutEncoder">
	        <Pattern>%d{yyyy-MM-dd HH:mm:ss.SSS} %5p ${hostName}--[%10.10t] %-40.40c{1.} : %m%n%ex</Pattern>
    </encoder>
    <rollingPolicy class="ch.qos.logback.core.rolling.SizeAndTimeBasedRollingPolicy">
        <fileNamePattern>logs/archived/translator_%d{dd-MM-yyyy}_%i.log</fileNamePattern>
        <maxFileSize>10MB</maxFileSize>
        <maxHistory>10</maxHistory>
        <totalSizeCap>100MB</totalSizeCap>
    </rollingPolicy>
	</appender>
	<!-- <root level="info">
		<appender-ref ref="SAVE-TO-FILE" />
        <appender-ref ref="STDOUT" />
    </root> -->
    <!-- config for STDOUT and SAVE-TO-FILE -->
    <springProfile name="dev">
        <root level="info">
	        <appender-ref ref="SAVE-TO-FILE" />
            <!-- <appender-ref ref="STDOUT" /> -->
        </root>
        <logger name="aero.sita" additivity="false" level="info">
            <appender-ref ref="STDOUT" />
            <appender-ref ref="SAVE-TO-FILE" />
        </logger>
    </springProfile>
    <springProfile name="prod">
        <root level="info">
            <appender-ref ref="SAVE-TO-FILE" />
        </root>
        <logger name="aero.sita" additivity="false" level="info">
        	<appender-ref ref="STDOUT" />
            <appender-ref ref="SAVE-TO-FILE" />
        </logger>
    </springProfile>
    <springProfile name="stage">
        <root level="info">
            <appender-ref ref="SAVE-TO-FILE" />
        </root>
        <logger name="aero.sita" additivity="false" level="info">
        	<appender-ref ref="STDOUT" />
            <appender-ref ref="SAVE-TO-FILE" />
        </logger>
    </springProfile>
    <springProfile name="test">
        <root level="info">
            <appender-ref ref="SAVE-TO-FILE" />
        </root>
        <logger name="aero.sita" additivity="false" level="info">
        	<appender-ref ref="STDOUT" />
            <appender-ref ref="SAVE-TO-FILE" />
        </logger>
    </springProfile>
    <springProfile name="local">
        <root level="info">
	        <appender-ref ref="SAVE-TO-FILE" />
            <!-- <appender-ref ref="STDOUT" /> -->
        </root>
        <logger name="aero.sita" additivity="false" level="info">
            <appender-ref ref="STDOUT" />
            <appender-ref ref="SAVE-TO-FILE" />
        </logger>
    </springProfile>
</configuration>