<?xml version="1.0" encoding="UTF-8"?>
<T3Config>

  <TestMode inTestMode="true">
    <emailerProcessSendTo emailAddress="rajesh.varma@sita.aero"/>
  </TestMode>

  <Monitor>
     <appServerListener name="localhost server_1 (127.0.0.1)" server="localhost" port="7001" controlServicePort="9009"/>
     <bgproclistener name="localhost server_1 (127.0.0.1)" server="localhost" port="9000"/>
    <appServerMonitorUrl>/TimaticManager/monitor?command=checkServer</appServerMonitorUrl>
    <bgProcessMonitorUrl>/MESSAGE_PING</bgProcessMonitorUrl>
    <databaseName>oralkdev</databaseName>
    <retryCount>3</retryCount>
  </Monitor>

  <Validation>
    <Validate>true</Validate>
  </Validation>

  <RulesEngine>
    <DummyTestCountryCode>##</DummyTestCountryCode>
  </RulesEngine>

  <General>
    <Help>/assets/authoring/dataareas/website/content/help</Help>
  </General>

  <TimaticWeb>
    <mailServer>57.5.179.8</mailServer>
    <toEmailAddress>rajesh.varma@sita.aero</toEmailAddress>
    <toEmailName>RajeshVarma</toEmailName>
    <fromEmailAddress>rajesh.varma@sita.aero</fromEmailAddress>
    <fromEmailName>RajeshVarma</fromEmailName>
    <emailSubject>Email from timatic3 web site</emailSubject>
  </TimaticWeb>

  <LenyaContent>
    <server>localhost</server>
    <port>8080</port>
    <docbase>lenya/default/live/</docbase>
    <absolutePathDelim>lenya/lenya/pubs/</absolutePathDelim>
  </LenyaContent>

  <WebService>
    <cliUser>CLIUSER</cliUser>
  </WebService>

  <TimBookExtractor>
    <sleepTimeSeconds>15</sleepTimeSeconds>
    <port>8002</port>
  </TimBookExtractor>

  <Processes>
    <listener server="localhost" port="9000"/>

    <process>
      <job type="aero.sita.pts.timatic.processes.timBookExtractor.TimBookExtractor"/>
      <repeatIndefTrigger everyMins="10"/>
    </process>

    <process>
      <job type="aero.sita.pts.timatic.processes.emailer.EmailerProcess"/>
      <repeatIndefTrigger everyMins="2"/>
    </process>

    <process>
      <job type="aero.sita.pts.timatic.processes.travelRequirements.contacts.ConfirmContactDetailsProcess"/>
      <onceADayTrigger time="01:00:00"/>
    </process>

    <process>
      <job type="aero.sita.pts.timatic.processes.travelRequirements.reminders.OverDueResponseReminderProcess"/>
      <onceADayTrigger time="02:00:00"/>
    </process>

    <process>
      <job type="aero.sita.pts.timatic.processes.activityLogBackupAndStats.Process"/>
      <onceADayTrigger time="03:00:00"/>
    </process>

    <process>
      <job type="aero.sita.pts.timatic.processes.downloadextract.DownloadExtractJob"/>
      <onceADayTrigger time="02:30:00"/>
    </process>

    <process>
      <job type="aero.sita.pts.timatic.processes.fileCleanUp.FileCleanUpJob"/>
      <onceADayTrigger time="03:30:00"/>
    </process>

    <process>
      <job type="aero.sita.pts.timatic.processes.requestNotification.RequestNotificationProcess"/>
      <repeatIndefTrigger everyMins="2"/>
    </process>

    <process>
      <job type="aero.sita.pts.timatic.processes.filechecker.FileCheckerProcess"/>
      <onceADayTrigger time="04:00:00"/>
    </process>

    <process>
      <job type="aero.sita.pts.timatic.processes.activityLogBackupAndStats.StatsReport"/>
      <onceADayTrigger time="00:30:00"/>
    </process>
  </Processes>

  <Albus>
    <backupDir>c:/timatic/statsout/</backupDir>
    <flushTimeout>600000</flushTimeout>
    <statsDir>c:/timatic/statsReporting</statsDir>
    <reconcileStats>false</reconcileStats>
  </Albus>

  <cliTransactionLogs>
    <cliTransactionLogsDir>c:/timatic/cli/log</cliTransactionLogsDir>
  </cliTransactionLogs>
  
  <appsLogs>
    <appsLogsDir>c:/timatic/apps/logs</appsLogsDir>
  </appsLogs>  

  <downloadExtract>
    <outputDirectory>c:/timatic/downloadExtracts</outputDirectory>
  </downloadExtract>

  <ActivityLogger>
    <DAOType>oracle_server</DAOType>
    <bufferSize>20</bufferSize>
    <transactionResponseTimeLimit>1000</transactionResponseTimeLimit>
    <methodResponseTimeLimit>50</methodResponseTimeLimit>
    <paragraphEvaluationTimeLimit>100</paragraphEvaluationTimeLimit>
  </ActivityLogger>
  
  <Cache>
    <cacheMinFreeMemorySize>150</cacheMinFreeMemorySize>
    <appServerInstance>5323-TZD-GSL</appServerInstance>
  </Cache>

  <ArchiveLogger>
  	<Filters>
  		<Filter>
  			<Entry class="aero.sita.pts.timatic.helper.gar.UserMatcher">
  				<Property name="userName" value="SITA"/>
  				<Property name="subUserName" value="T3APP"/>
  			</Entry>
  		</Filter>
  		<Filter>
  			<Entry class="aero.sita.pts.timatic.helper.gar.StringPropertyMatcher">
  				<Property name="propertyName" value="requestType"/>
  				<Property name="value" value="Paging"/>
  			</Entry>
  		</Filter>
  		<Filter>
  			<Entry class="aero.sita.pts.timatic.helper.gar.UserMatcher">
  				<Property name="userName" value="XS"/>
  				<Property name="subUserName" value="XS"/>
  			</Entry>
  			<Entry class="aero.sita.pts.timatic.helper.gar.StringPropertyMatcher">
  				<Property name="propertyName" value="requestType"/>
  				<Property name="value" value="Unknown"/>
  			</Entry>
  			<Entry class="aero.sita.pts.timatic.helper.gar.StringPropertyMatcher">
  				<Property name="propertyName" value="cliCommand"/>
  				<Property name="value" value="TIVWP"/>
  			</Entry>
  		</Filter>
  	</Filters>
  </ArchiveLogger>

  <xml>
    <objectPool>org.apache.commons.pool.impl.GenericObjectPool</objectPool>
    <keyedObjectPool>org.apache.commons.pool.impl.GenericKeyedObjectPool</keyedObjectPool>
    <documentBuilderFactory>org.apache.xerces.jaxp.DocumentBuilderFactoryImpl</documentBuilderFactory>
    <transformerFactory>org.apache.xalan.processor.TransformerFactoryImpl</transformerFactory>
  </xml>

  <fileChecker>
    <enabled>false</enabled>
    <mailServer>57.5.179.8</mailServer>
    <toEmailAddress>timatic.3.development.team@sita.aero</toEmailAddress>
    <toEmailName>Timatic 3 Development Team</toEmailName>
    <fromEmailAddress>timatic.3.development.team@sita.aero</fromEmailAddress>
    <fromEmailName>Timatic 3 Development Team</fromEmailName>
    <emailSubject>FileChecker Process: Overnight background processes failed to run properly on localhost</emailSubject>
  </fileChecker>
  <Translator>
  	<transUrl>https://connect-dev.translations.com/api/v2/session/start</transUrl>
  	<transUserName>sahinm</transUserName>
  	<transPassword>2gS]CJ5/</transPassword>
  </Translator>
</T3Config>
