{
  "resource": "Error",
  "identifier": "Booking",
  "version": "v1",
  "effectiveDate":"01/08/2019",
  "configurationNamespaces": [
    {
      "name": "KioskConfig.LHRSITT2",
      "configurationItems": [  
			{
			 "identifier" :"booking.error.REQUEST_INVALID.code",
			 "value":"REQUEST_INVALID"
			},
			{
			 "identifier" :"booking.error.REQUEST_INVALID.business_message",
			 "value":"Request Invalid"
			},		
			{
			 "identifier" :"booking.error.REQUEST_INVALID.developer_link",
			 "value":"https://developer.iag.com"
			},
			{
			 "identifier" :"booking.error.DATA_INVALID.business_message",
			 "value":"Data Invalid"
			},
			{
			 "identifier" :"booking.error.DATA_INVALID.developer_message_bookingidentifier",
			 "value":"Booking identifier is invalid"
			},
			{ 
			 "identifier" :"booking.error.DATA_INVALID.developer_message_bookingsession",
			 "value":"Session is invalid"
			},		
			{
			 "identifier" :"booking.error.BOOKING_NOT_FOUND.business_message",
			 "value":"Booking Not Found"
			},				
			{
			 "identifier" :"booking.error.SESSION_NOT_FOUND.code",
			 "value":"SESSION_NOT_FOUND"
			},
			{
			 "identifier" :"booking.error.SESSION_NOT_FOUND.developer_link",
			 "value":"https://developer.iag.com"
			}
			
	   ],
      "configurationNamespaces": []		
    }
   ]
 }