<?xml version="1.0" encoding="UTF-8"?>
<beans xmlns="http://www.springframework.org/schema/beans"
	xmlns:xsi="http://www.w3.org/2001/XMLSchema-instance" xmlns:context="http://www.springframework.org/schema/context"
	xsi:schemaLocation="http://www.springframework.org/schema/beans http://www.springframework.org/schema/beans/spring-beans.xsd
		 http://www.springframework.org/schema/context http://www.springframework.org/schema/context/spring-context.xsd">

	<bean id="propertyConfigurer"
		class="org.springframework.beans.factory.config.PropertyPlaceholderConfigurer">
		<property name="locations">
			<list>	
				<!--  <value>file:/home/otsuser/OnlineTenderSystem/config/onlineTenderSystem.properties</value> -->
				<value>file:D:\AmitData\VideoconProjectData\WorkSpace\RechargeWalletWorkspace\OnlineBiddingSystem\OnlineBiddingSystem-Config\onlineTenderSystem.properties</value>									
					  							
			</list>
		</property>
	</bean>

	<bean id="fileConfig" class="com.vtl.obs.config.FileConfig">
		<property name="remoteFileSourcePath" value="${REMOTE_FILE_SOURCE_PATH}" />		
	</bean>

	<bean id="umfConfig" class="com.vtl.obs.config.UmfConfig">
		<property name="umfInterface" value="${UMF_INTERFACE}" />
		<property name="umfUserName" value="${UMF_USER_NAME}" />
		<property name="umfPassword" value="${UMF_PASSWORD}" />
		<property name="senderName" value="${UMF_SENDER_NAME}" />
		<property name="smsText" value="${UMF_SMS_TEXT}" />
		<property name="errorText" value="${UMF_SMS_TEXT_ERROR}" />
	</bean>
	
</beans>