<?xml version="1.0" encoding="UTF-8"?>
<!-- <beans xmlns="http://www.springframework.org/schema/beans" xmlns:xsi="http://www.w3.org/2001/XMLSchema-instance" 
	xmlns:context="http://www.springframework.org/schema/context" xsi:schemaLocation="http://www.springframework.org/schema/beans 
	http://www.springframework.org/schema/beans/spring-beans.xsd http://www.springframework.org/schema/context 
	http://www.springframework.org/schema/context/spring-context.xsd"> -->
<beans xmlns="http://www.springframework.org/schema/beans"
	xmlns:xsi="http://www.w3.org/2001/XMLSchema-instance" xmlns:context="http://www.springframework.org/schema/context"
	xmlns:aop="http://www.springframework.org/schema/aop" xmlns:tx="http://www.springframework.org/schema/tx"
	xmlns:beans="http://www.springframework.org/schema/beans"
	xmlns:ehcache="http://ehcache-spring-annotations.googlecode.com/svn/schema/ehcache-spring"
	xsi:schemaLocation="http://www.springframework.org/schema/beans http://www.springframework.org/schema/beans/spring-beans-3.0.xsd
	http://www.springframework.org/schema/util http://www.springframework.org/schema/util/spring-util-3.0.xsd
	http://www.springframework.org/schema/aop http://www.springframework.org/schema/aop/spring-aop-3.0.xsd
	http://www.springframework.org/schema/tx http://www.springframework.org/schema/tx/spring-tx-3.0.xsd
	http://ehcache-spring-annotations.googlecode.com/svn/schema/ehcache-spring
	http://ehcache-spring-annotations.googlecode.com/svn/schema/ehcache-spring/ehcache-spring-1.1.xsd
	http://www.springframework.org/schema/context
	http://www.springframework.org/schema/context/spring-context-3.0.xsd">

	<context:annotation-config />
	<import resource="context-configurations.xml" />

	<!-- Hibernate Configuration -->

	<bean id="dataSourceBean"
			class="org.springframework.jdbc.datasource.DriverManagerDataSource">
			<property name="driverClassName" value="${DB_HIB_DRIVER}"></property>
			<property name="url" value="${DB_HIB_URL}"></property>
			<property name="username" value="${DB_HIB_USER}"></property>
			<property name="password" value="${DB_HIB_PASSWORD}"></property>
		</bean>
	
		<bean id="sessionFactory"
			class="org.springframework.orm.hibernate4.LocalSessionFactoryBean">
			<property name="dataSource" ref="dataSourceBean"></property>
			<property name="hibernateProperties">
				<props>
					<prop key="hibernate.dialect">${DB_HIB_DIALECT}</prop>
					<prop key="hibernate.hbm2ddl.auto">update</prop>
					<prop key="hibernate.show_sql">true</prop>
				</props>
			</property>
			<property name="annotatedClasses">
				<list>
				<value>com.vtl.obs.hb.beans.HBid</value>
				<value>com.vtl.obs.hb.beans.HBidType</value>
				<value>com.vtl.obs.hb.beans.HUser</value>
				<value>com.vtl.obs.hb.beans.HUserBid</value>
				<value>com.vtl.obs.hb.beans.HUserRoleDetails</value>
				<!-- <value>com.vtl.obs.hb.beans.Login</value>
				<value>com.vtl.obs.hb.beans.RoleDescription</value>
				<value>com.vtl.obs.hb.beans.Frequency</value>
				<value>com.vtl.obs.hb.beans.Offer</value>
				<value>com.vtl.obs.hb.beans.Language</value>
				<value>com.vtl.obs.hb.beans.Subscription</value>
				<value>com.vtl.obs.hb.beans.umf.HBumfMail</value>
				<value>com.vtl.obs.hb.beans.umf.HBumfMessage</value>							
				<value>com.vtl.obs.hb.beans.umf.CLI</value>
				<value>com.vtl.obs.hb.beans.umf.HBumfBulkMessage</value> -->				
				</list>
			</property>
		</bean>
	
		<tx:annotation-driven transaction-manager="transactionManager" />
		<bean id="transactionManager"
			class="org.springframework.orm.hibernate4.HibernateTransactionManager">
			<property name="dataSource" ref="dataSourceBean" />
			<property name="defaultTimeout" value="30" />
			<property name="sessionFactory" ref="sessionFactory" />
		</bean>
	
		 <bean id="hibernateDao" class="com.vtl.obs.util.HibernateUtil"
			scope="singleton">
	</bean>

	<bean id="umfMessaging" class="com.vtl.obs.util.UMFMessaging"/>
	<bean id="emailService" class="com.vtl.obs.util.EmailService">
		<property name="mailServerUrl" value="${EMAIL_SERVER_URL}" />
	</bean>
	
	
	
	<!--End of Hibernate Configuration -->

	
	<!--
	<bean id="cacheService" class="com.vtl.rechargeWallet.servicesImpl.CacheService"
		scope="prototype">
		<property name="baseDao" ref="baseDao" />
		<property name="rechargeWalletCacheManager" ref="rechargeWalletCacheManager" />
		<property name="rechargeWalletCacheSize" value="${RechargeWallet_CACHE_SIZE}" />
	</bean>

	<bean id="rechargeWalletCacheManager" class="com.vtl.rechargeWallet.cache.RechargeWalletCacheManager"
		scope="singleton" />

	
	-->
	
</beans>